-- phpMyAdmin SQL Dump
-- version 5.1.1
-- https://www.phpmyadmin.net/
--
-- Host: 127.0.0.1
-- 생성 시간: 21-11-20 10:08
-- 서버 버전: 10.4.21-MariaDB
-- PHP 버전: 8.0.12

SET SQL_MODE = "NO_AUTO_VALUE_ON_ZERO";
START TRANSACTION;
SET time_zone = "+00:00";


/*!40101 SET @OLD_CHARACTER_SET_CLIENT=@@CHARACTER_SET_CLIENT */;
/*!40101 SET @OLD_CHARACTER_SET_RESULTS=@@CHARACTER_SET_RESULTS */;
/*!40101 SET @OLD_COLLATION_CONNECTION=@@COLLATION_CONNECTION */;
/*!40101 SET NAMES utf8mb4 */;

--
-- 데이터베이스: `team08`
--

-- --------------------------------------------------------

--
-- 테이블 구조 `donginfo`
--

CREATE TABLE `donginfo` (
  `dongName` varchar(50) NOT NULL,
  `guCode` int(10) DEFAULT NULL
) ENGINE=InnoDB DEFAULT CHARSET=utf8mb4;

--
-- 테이블의 덤프 데이터 `donginfo`
--

INSERT INTO `donginfo` (`dongName`, `guCode`) VALUES
('dongName', 0),
('가락1동', 3230000),
('가락2동', 3230000),
('가락본동', 3230000),
('가회동', 3000000),
('개포1동', 3220000),
('개포2동', 3220000),
('개포4동', 3220000),
('거여1동', 3230000),
('거여2동', 3230000),
('공덕동', 3130000),
('교남동', 3000000),
('남영동', 3020000),
('논현1동', 3220000),
('논현2동', 3220000),
('대치1동', 3220000),
('대치2동', 3220000),
('대치4동', 3220000),
('대흥동', 3130000),
('도곡1동', 3220000),
('도곡2동', 3220000),
('도화동', 3130000),
('마천1동', 3230000),
('망원제1동', 3130000),
('망원제2동', 3130000),
('무악동', 3000000),
('문정1동', 3230000),
('문정2동', 3230000),
('방이1동', 3230000),
('방이2동', 3230000),
('보광동', 3020000),
('부암동', 3000000),
('사직동', 3000000),
('삼성1동', 3220000),
('삼성2동', 3220000),
('삼전동', 3230000),
('삼청동', 3000000),
('상암동', 3130000),
('서강동', 3130000),
('서교동', 3130000),
('서빙고동', 3020000),
('석촌동', 3230000),
('성산제1동', 3130000),
('성산제2동', 3130000),
('세곡동', 3220000),
('송파1동', 3230000),
('송파2동', 3230000),
('수서동', 3220000),
('숭인제1동', 3000000),
('숭인제2동', 3000000),
('신사동', 3220000),
('신수동', 3130000),
('아현동', 3130000),
('압구정동', 3220000),
('역삼1동', 3220000),
('역삼2동', 3220000),
('연남동', 3130000),
('염리동', 3130000),
('오금동', 3230000),
('오륜동', 3230000),
('용강동', 3130000),
('용문동', 3020000),
('용산2가동', 3020000),
('원효로제1동', 3020000),
('원효로제2동', 3020000),
('이촌제1동', 3020000),
('이태원제1동', 3020000),
('이태원제2동', 3020000),
('일원1동', 3220000),
('일원2동', 3220000),
('일원본동', 3220000),
('잠실2동', 3230000),
('잠실3동', 3230000),
('잠실4동', 3230000),
('잠실6동', 3230000),
('잠실본동', 3230000),
('장지동', 3230000),
('종로1.2.3.4가동', 3000000),
('종로5.6가동', 3000000),
('창신제2동', 3000000),
('청담동', 3220000),
('청운효자동', 3000000),
('청파동', 3020000),
('평창동', 3000000),
('풍납1동', 3230000),
('풍납2동', 3230000),
('한강로동', 3020000),
('한남동', 3020000),
('합정동', 3130000),
('혜화동', 3000000),
('효창동', 3020000),
('후암동', 3020000);

-- --------------------------------------------------------

--
-- 테이블 구조 `guinfo`
--

CREATE TABLE `guinfo` (
  `guName` varchar(50) DEFAULT NULL,
  `guCode` int(10) NOT NULL
) ENGINE=InnoDB DEFAULT CHARSET=utf8mb4;

--
-- 테이블의 덤프 데이터 `guinfo`
--

INSERT INTO `guinfo` (`guName`, `guCode`) VALUES
('guName', 0),
('종로구', 3000000),
('용산구', 3020000),
('마포구', 3130000),
('강남구', 3220000),
('송파구', 3230000);

-- --------------------------------------------------------

--
-- 테이블 구조 `kind_price`
--

CREATE TABLE `kind_price` (
  `restName` varchar(13) NOT NULL,
  `restType` varchar(5) DEFAULT NULL,
  `restAddr` varchar(45) DEFAULT NULL,
  `guName` varchar(3) DEFAULT NULL,
  `call` varchar(16) DEFAULT NULL,
  `comment` varchar(118) DEFAULT NULL
) ENGINE=InnoDB DEFAULT CHARSET=utf8;

--
-- 테이블의 덤프 데이터 `kind_price`
--

INSERT INTO `kind_price` (`restName`, `restType`, `restAddr`, `guName`, `call`, `comment`) VALUES
('365일기분좋은날잔치날', '한식', '서울특별시 강남구 도곡로4길 19 ', '강남구', '02-6104-7272', 'null'),
('가득드림', '한식', '서울특별시 강남구 영동대로 513 지하1층 M113호', '강남구', '02-551-8288', 'null'),
('가로수길칼국수', '한식', '서울특별시 강남구 압구정로2길 46 강남상가 1층 19호', '강남구', '02-512-6474', 'null'),
('가정식당', '한식', '서울특별시 강남구 학동로77길 20 (청담동)', '강남구', '02-514-8009', ''),
('감베로니', '경양식일식', '서울특별시 용산구 한강대로81길 5 (갈월동)', '용산구', '3273-1791       ', '깨끗하고 친절하며 청결한 위생관리와 신선하고 좋은 재료를 매일 엄선하여 제공'),
('강남본돼지갈비', '한식', '서울특별시 강남구 개포로22길 27 (개포동)', '강남구', '02-575-3792', 'null'),
('강남제비', '한식', '서울특별시 강남구 테헤란로25길 20 역삼현대벤처빌딩2층 207호(역삼동)', '강남구', '02-2192-3599', '가족끼리 운영하여 인건비 절감으로 저렴한 가격유지'),
('강원도청국장', '한식', '서울특별시 송파구 오금로19길 14 (방이동)', '송파구', '423-1714', '친절과 서비스에 단골고객 많음. 정성들인 깔끔한 맛. 높은 물가상승 대비 3년 가격 동결 업소'),
('고기마을', '한식', '서울특별시 강남구 남부순환로 2917 청실상가 105', '강남구', '02-501-5254', 'null'),
('고등어식당', '한식', '서울특별시 강남구 강남대로84길 33 (역삼동)', '강남구', '02-2050-0095', '가족이 먹는 것처럼 정성껏 요리'),
('고향집', '한식', '서울특별시 마포구 포은로8길 28 (망원동)', '마포구', '322-8762', ' 저렴한 가격  맛있는 한끼 식사'),
('고향한식부페', '한식', '서울특별시 강남구 논현로72길 20 지하1층(역삼동)', '강남구', '02-3452-8050', '신선한 재료와 매일 메뉴가 바뀌는 착한가계'),
('광나루찌개', '한식', '서울특별시 종로구 대학로5가길 1 (연건동)', '종로구', '744-9260', '찌개를 전문적으로 하는 업소임. 여러가지 찌개를 저렴한 가격에 맛볼 수 있음 '),
('국민우동집', '한식', '서울특별시 강남구 테헤란로4길 38 (역삼동)', '강남구', '02-555-5849', 'null'),
('국일관', '한식', '서울특별시 송파구 마천로 345-1 (마천동)', '송파구', '406-0451', '오픈이래 가격동결친절깔끔한 식당내부식기류'),
('금호동바다장어초이408', '한식', '서울특별시 독서당로 295-5(금호동3가)', '용산구', '02-2231-1733', '개업(2017.12월)이후 현재까지 가격동결 '),
('김자순수제돈까스', '경양식일식', '서울특별시 송파구 석촌호수로12길 16 (잠실동)', '송파구', '6203-9597', 'null'),
('꾸어구어', '한식', '서울특별시 송파구 마천로 293 (마천동)', '송파구', '449-9295', ''),
('남영골', '한식', '서울특별시 용산구 한강대로77길 8 (갈월동)', '용산구', '704-4745', '\'일부품목 20%이상 저렴 깨끗하고 청결한 위생관리\' '),
('남영해물탕', '한식', '서울특별시 용산구 한강대로80길 12 (남영동)', '용산구', '798-2545        ', '깨끗하고 청결한 위생관리와 항상 신선한 재료와 각종 해물을 산지에서 직송하여 사용하는 모범업소임'),
('남원수창골추어탕', '한식', '서울특별시 마포구 망원로11길 3 (망원동)', '마포구', '02-322-3230', '청결 친절 공기밥 무한리필'),
('남원종가집추어탕', '한식', '서울특별시 강남대로48길 8 ', '강남구', '02-3462-6667', 'null'),
('냠냠분식', '한식', '서울특별시 마포구 모래내로7길 89 1층 2호(성산동)', '마포구', '', ''),
('노다지', '한식', '서울특별시 강남구 개포로30길 6 (개포동)', '강남구', '02-573-1008', 'null'),
('노숙자아구샤브샤브', '한식', '서울특별시 강남구 개포로22길 13 (개포동)', '강남구', '02-577-5017', '저렴한 가격을 유지하여 단골손님을 확보하고 있음'),
('누렁국수', '한식', '서울특별시 강남구 개포로 652 빌딩스타3 지상1층 101호', '강남구', '02-431-0045', 'null'),
('누이네', '한식', '서울특별시 강남구 압구정로2길 46 (신사동 강남상가아파트) 1층 3호 40호', '강남구', '02-545-5195', '시골에서 일주일에 한번 쌀이 올라와 밥맛이 좋고 직접담은 청국장으로 음식맛이 좋음'),
('누이야식당', '한식', '서울특별시 강남구 논현로4길 14 (개포동)', '강남구', '02-575-4984', '단골손님을 유지하기 위하여 노력하고 있음'),
('다복콩비지', '한식', '서울특별시 강남구 개포로22길 31 (개포동)', '강남구', '02-573-2057', '매일 신선한 오리를 공급받고 있으며 호텔조리장으로 11년 근무하신 사장님이 직접 운영하는 곳이다.'),
('대영식당', '한식', '서울특별시 강남구 강남대로62길 30  (역삼동)', '강남구', '02-566-1373', '신선한 재료를 엄선하여 만드는 착한가계'),
('대치동영지', '한식', '서울특별시 강남구 삼성로 212 지상1층(대치동 은마아파트)', '강남구', '02-565-1114', '직거래를 통한 원가 절감'),
('대풍참숯갈비', '한식', '서울특별시 논현로76길 8', '강남구', '02-564-3793', ''),
('더스푼', '한식', '서울특별시 강남구 역삼로 517 (대치동)', '강남구', '02-567-9889', 'null'),
('도곡한우소머리국밥', '한식', '서울특별시 강남구 도곡로 172 (도곡동) 지상 1층', '강남구', '02-2057-0252', '다년간 정육식당을 운영하던 노하우로 엄선된 원재료 조달로 저렴한 가격과 맛을 자랑함'),
('돈구워돈', '한식', '서울특별시 송파구 오금로 532 (거여동)', '송파구', '401-6363', '모든 식자재및 야채. 모든 재료는 최상의 제품으로 조리하며 손님상에 나갔던 음식은 재사용을 절대하지 않고 오픈주방으로 위생관리 철저히 합니다. 가족운영으로 인한 인건비 절감 '),
('돈먹고돈내고', '한식', '서울특별시 강남구 언주로114길 5', '강남구', '02-514-1276', '신선한 재료로 정성껏 만들어 손님들에게 제공하고 있으며 저렴한 가격에 모심.'),
('돌마리유황오리', '한식', '서울특별시 송파구 가락로 66 (석촌동)', '송파구', '423-6231', '친절 서비스'),
('동대문곱창전문', '한식', '서울특별시 강남구 논현로8길 11 (개포동)', '강남구', '02-571-1250', '단골손님을 유지하게 위하여 노력하고 있음'),
('동일루', '중식', '서울특별시 마포구 포은로 75 (망원동)', '마포구', '02-3144-2221', '청결 친절 맛으로 소문난 음식점'),
('두꺼비', '한식', '서울특별시 강남구 역삼로 421 (대치동)', '강남구', '02-445-8742', '소를 통째로 구입 원가절감 모든 반찬에 조미료 미 사용'),
('또순이네', '한식', '서울특별시 종로구 사직로 130 (적선동) 적선현대빌딩 지하1층', '종로구', '730-6980', '행정자치부 청사 주변에 위치한 업소로 저렴하고 깨끗하여 직장인들이 이용하기 좋은 업소'),
('마포숯불갈비', '한식', '서울특별시 송파구 성내천로 223 (마천동)', '송파구', '430-9757', '경로우대(경로당 2곳 점심식사 5000원 균일가및 술음료 무료대접/10년째) '),
('만금성', '중식', '서울특별시 강남구 언주로 117 상가동 지하1층 42호(도곡동 우성4차아파트)', '강남구', '02-572-0015', '20년 넘게 한곳에서 장사한 동네 아파트내에서 인기 배달업소'),
('만두랑', '한식', '서울특별시 강남구 역삼로19길 29 (역삼동)', '강남구', '02-557-9397', '20년 경력의 손만두 전문점'),
('만아정육점식당', '한식', '서울특별시 강남구 광평로56길 11 수서아파트상가 103호 (수서동)', '강남구', '02-459-9488', 'null'),
('만족숯불갈비', '한식', '서울특별시 종로구 종로53길 7-2 (창신동)', '종로구', '02-765-1298', '전 메뉴가 지역평균가 보다 10%이상 저렴'),
('맛있는돈까스', '경양식일식', '서울특별시 강남구 개포로 638 지상1층(일원동)', '강남구', '02-459-5278', 'null'),
('맛찬', '한식', '서울특별시 강남구 개포로 615 석탑프라자 지하1층 106호', '강남구', '02-459-8478', 'null'),
('망원시장손칼국수', '한식', '서울특별시 마포구 망원로8길 29 (망원동)', '마포구', '02-6012-7139', '저렴한 가격으로 맛있고 든든한 음식을 대접해 드립니다'),
('먹고갈래지고갈래', '한식', '서울특별시 종로구 수표로 117 (낙원동)', '종로구', '3673-1239', '낙원동 일대 어르신들 쉼터로 유명한 곳임. 커피 부터 식사까지 다양한 메뉴를 싼 가격에 제공함. '),
('메운불닭', '경양식일식', '서울특별시 송파구 위례성대로18길 28 (방이동)', '송파구', '421-2223 ', 'null'),
('면마루', '한식', '서울특별시 서울 용산구 신흥로 86 2층', '용산구', '02-797-3449', '면전문 음식점이며 전반적 가격대가 저렴. 5년간 가격동결'),
('명품삼겹살점문점', '한식', '서울특별시 송파구 백제고분로32길 3 (삼전동)', '송파구', '419-2550', '명품삼결살에 저렴한 가격과 최상의 서비스를 제공합니다. '),
('모리모리', '경양식일식', '서울특별시 용산구 한강대로 281 (갈월동)', '용산구', '702-1441', '모범업소로서 깨끗하고 청결한 위생관리  사장님과 종업원 매우친절하고 맛도좋아 주변대학생들이 많이찾음'),
('모퉁이식당', '한식', '서울특별시 송파구 오금로59길 2 (거여동)', '송파구', '443-1326', '친절과 쾌적환 환경으로 100% 국내산 재료(김치 고추가루 쌀 닭 등)를 사용하여 손님들의 만족도가 높음'),
('무진장', '경양식일식', '서울특별시 용산구 원효로 212 (원효로2가)', '용산구', '712-8814        ', '청결한 위생관리와 매일 싱싱한 재료로 요리하며 종업원 모두가 성심성의껏 손님을 대함'),
('미도한우마을', '한식', '서울특별시 강남구 삼성로 38 개포빌딩 108호', '강남구', '02-557-3232', 'null'),
('미라클센터', '한식', '서울특별시 송이로 17길  54-28', '송파구', '02-443-3295', ''),
('미러칼국수', '한식', '서울특별시 강남구 삼성로 212 지하층 32호(대치동 은마아파트)', '강남구', '02-501-8748', '좋은 재료를 사용하여 집에서 먹는 맛을 추구합니다.'),
('미소국수', '한식', '서울특별시 마포구 동교로27길 41 (연남동)', '마포구', '02-326-5403', '원하는 양을 말씀하시면 그대로 이행(적당히)(곱배기)(울트라)-가격은 그대로'),
('밀가칼국수', '한식', '서울특별시 강남구 영동대로106길 33 (삼성동) ', '강남구', '02-566-5805', '가게 오픈 이후 가격인상없이 한결같이 사골로 육수를 내고 고기고명을 더하여 음식을 내어주시고 공기밥은 무료입니다.  '),
('바보네집', '한식', '서울특별시 강남구 논현로120길 14 (논현동)', '강남구', '02-544-8870', '손님에게 최선을 다하는 마음 가짐으로 일함'),
('바우골화로구이', '한식', '서울특별시 강남구 강남대로92길 29 (역삼동)', '강남구', '20-568-6721', '현지에서 재료를 제철에 다량으로 구입해서 저장고에 보관함 국내산삼겹살 취급'),
('바지락칼국수', '한식', '서울특별시 강남구 개포로17길 3-10 (개포동)', '강남구', '02-529-5317', '8년째 가게를 운영 단골손님을 유지하기 위하여 노력함'),
('반색식당', '한식', '서울특별시 강남구 선릉로6길 19 (개포동)', '강남구', '00-000-0000', 'null'),
('밥리버거 앤 치킨호프', '한식', '서울특별시 언주로 405', '강남구', '02-552-0388', '아침 식사 못하고 출근하는 직장인들 위해 저렴한 음식제공'),
('방이맛집', '한식', '서울특별시 송파구 오금로11길 63-9 (방이동)', '송파구', '416-5567', '깨끗하고 쾌적한 업소로서 어르신께 저렴한 가격으로 대접하고 있습니다. 친절함에도 만족을 할수 있는 업소입니다. '),
('벧엘 칼국수', '한식', '서울특별시 송파구 마천로41길 22 (마천동)', '송파구', '408-5151', '쾌적한 환경이며 안방같은 편안한 분위기. 깔끔하고 신선한 식재료 사용. 친절 서비스'),
('보리수', '한식', '서울특별시 강남구 삼성로82길 25 (대치동)', '강남구', '02-564-7419', '병어조림이 강남에서 가장 맛있는 집'),
('본향', '중식', '서울특별시 송파구 마천로26길 6 (오금동)', '송파구', '409-8480', '오픈 주방으로 조리과정 확인 가능합니다 신선한 재료를 당일 공수해서 사용하고 실내가 쾌적합니다. 단골고객 만두 서비스 제공과 배달 인건비 절감 배달시 홀가격 적용합니다.'),
('봉주르', '한식', '서울특별시 마포구 와우산로 155-1 (서교동)', '마포구', '332-8373        ', '저희 업소는 단골을 위주로한 편안하고 아늑한 분위기의 업소를 표방합니다.  커피국산차도 있습니다. 한가지 메뉴가 아닌 주인아주머니의 손맛에따라 매일 메뉴가 바뀝니다.'),
('부남돌구이', '한식', '서울특별시 종로구 대학로2길 65-5 (효제동)', '종로구', '742-2451        ', '오랫동안 숙련된 사장님의 손맛에 깔끔하고 신선한 재료로써 주위에 직장인들이 점심시간에 기다려야 할 정도랍니다. 사장님의 자랑할 만한 요리는 쭈꾸미 철판 볶음이랍니다.'),
('부부식당', '한식', '서울특별시 강남구 삼성로 343 지상1층 106호', '강남구', '02-563-9241', 'null'),
('빈대떡마을', '한식', '서울특별시 마포구 망원로 97 (망원동)', '마포구', '02-325-0843', '저렴한 가격 푸짐한 양 그리고 친절함'),
('사랑의 도시락', '한식', '서울특별시 강남구 강남대로94길 55 2층', '강남구', '02-557-1733', '매일 반찬 국 등 메뉴를 새롭게 선보임 신선한 재료를 사용하여 집밥같은 최고의 손맛 자랑'),
('사천옥', '한식', '서울특별시 강남구 선릉로86길 16 (대치동)', '강남구', '02-539-1075', '가격대비 반찬 가지수가 풍부함'),
('산골녹차냉면', '한식', '서울특별시 용산구 효창원로 147 (효창동)', '용산구', '716-1988', '청결한 위생관리와 항상 신선한 재료로 요리하며 종업원 모두가 성심성의껏 손님을 대함 '),
('삼삼뚝배기', '한식', '서울특별시 종로구 동숭길 51 (동숭동)', '종로구', '765-4683', '위생적 친절 뚝빼기 국물맛'),
('삼성돈구이', '한식', '서울특별시 강남구 봉은사로108길 3-6 (삼성동)', '강남구', '02-508-6994', '전주콩나물국밥 전문점으로 맛과 가격으로 승부함'),
('새마을', '한식', '서울특별시 마포구 동교로9길 51 (망원동)', '마포구', '0', ' 저렴한 가격과 깔끔한 음식 제공'),
('서울분식', '한식', '서울특별시 송파구 가락로42길 13 (방이동)', '송파구', '415-1576', '철저한 위생관리. 친절서비스 물가상승 대비 3년 가격 동결 '),
('서울중국집', '중식', '서울특별시 송파구 백제고분로41길 43-15 (송파동)', '송파구', '3432-5585', '홀 방문시 저렴한 가격으로 제공	 신속한 배달 신선한 식재료 사용은 물론  저렴한 가격으로 모십니다\' '),
('서평기사식당', '한식', '서울특별시 강남구 개포로 646 지상1층 2호', '강남구', '02-2226-1005', 'null'),
('서희네', '한식', '서울특별시 강남구 개포로22길 41 1층 101호(개포동)', '강남구', '070-8151-7281', 'null'),
('석화촌', '한식', '서울특별시 강남구 강남대로 240 (도곡동) 지하1층 B111', '강남구', '02-573-5756', '상가내 저렴하고 맛있는 집'),
('선우동가게', '한식', '서울특별시 남부순환로359길 10 지하1층', '강남구', '02-572-8887', 'null'),
('소담', '한식', '서울특별시 강남구 개포로 615 (개포동) 지하 115호', '강남구', '02-3414-0010', '좋은재료사용'),
('소백산', '한식', '서울특별시 송파구 백제고분로39길 28 (석촌동)', '송파구', '422-9929', '청결하고 아늑한 분위기 고급식재료를 사용하며 최고의 맛으로 고객에게 보답하고 있습니다. '),
('손칼국수&손만두', '한식', '서울특별시 강남구 광평로56길 11 (수서동 수서6단지아파트)', '강남구', '02-445-1585', 'null'),
('솔잎식당', '한식', '서울특별시 마포구 마포대로4길 46 (도화동)', '마포구', '717-2044', '동생이 야채가게를 하고 있어 싱싱한 재료를 신속하게 제공받고 된장 및 양념등은 시골에서 직접 농사를 짓고 있어 최공의 재료를 사용하고 있으며 훗날 고객들에게 기억에 남는 식당이 되고 싶은 신념으로 운영하고 있음.'),
('수미정', '한식', '서울특별시 강남구 강남대로84길 33 대우디오빌플러스 지하1층 114호 (역삼동)', '강남구', '02-2050-0099', '신선한 재료를 사용 다양한 반찬 제공'),
('수원성갈비', '한식', '서울특별시 종로구 창신3길 9 (창신동)', '종로구', '745-3576', '창신동 시장 안에 위치한 업소로 수원식 양념 고기로 10년째 한자리에서 영업해 온 소문난 맛집 '),
('수타손짜장', '중식', '서울특별시 강남구 개포로 615 (개포동)  지하1층 110호', '강남구', '02-451-9763', 'null'),
('숙아채 콩나물국밥(개포)', '한식', '서울특별시 강남구 개포로20길 17 (개포동)', '강남구', '02-571-4441', '깨끗한 식당 분위기와 시원한 콩나물국밥을 저렴하게 판매하고 있다.'),
('숙아채콩나물국밥역삼1호점', '한식', '서울특별시 강남구 도곡로7길 25 지상1층 (역삼동)', '강남구', '02-554-7490', 'null'),
('순대국밥', '한식', '서울특별시 강남구 도곡로 516 지하1층 3호', '강남구', '02-539-5163', '수입김치 쓰지않고 직접 담금'),
('시골밥상', '한식', '서울특별시 서울 강남구 역삼동 702-13 지하1층 3호', '강남구', '02-561-4667', ''),
('시골애 청국장', '한식', '서울특별시 강남구 개포로 638 (일원동) 지상1층 102호', '강남구', '02-3411-1041', '가족들이 직접운영하여 인건비절감으로 저렴한 가격으로 제공'),
('시골청국장', '한식', '서울특별시 강남구 학동로 504 (삼성동) 서울빌딩 101호', '강남구', '02-548-0171', '메뉴가 다양하고 가격이 저렴하다'),
('신성김밥', '한식', '서울특별시 송파구 백제고분로22길 28 (삼전동 칸스빌)', '송파구', '420-9563', '홀 방문시 저렴한 가격으로 제공 신선한 국내산 식자재로  정성껏 맛있게 제공합니다 \' '),
('신의주찹쌀순대감자탕', '한식', '서울특별시 강남구 테헤란로27길 22 (역삼동)', '강남구', '02-508-0799', 'null'),
('신토불이 정육식당', '한식', '서울특별시 강남구 남부순환로 2629', '강남구', '02-3462-4635', 'null'),
('양구식당', '한식', '서울특별시 강남구 논현로151길 26', '강남구', '02-548-5848', 'null'),
('양철집', '한식', '서울특별시 강남구 언주로153길 16 (신사동) 1층', '강남구', '02-542-6689', 'null'),
('양평해장국', '한식', '서울특별시 강남구 논현로12길 19-7 1층(개포동)', '강남구', '02-578-4464', 'null'),
('역삼정', '한식', '서울특별시 강남구 역삼로19길 31 (역삼동)', '강남구', '02-539-7107', '가정식 한식맛을 재현하여 직장인들의 점심식사와 가족외식등에 최적의 서비스 제공'),
('연희동 할머니네', '한식', '서울특별시 마포구 성미산로 100 (연남동)', '마포구', '02-322-8258', '밥 반찬 무한대 제공'),
('영광정육식당', '한식', '서울특별시 서울 용산구 서빙고로91나길 104', '용산구', '02-798-2423', '정육점을 병행 운영하는 식당으로 저렴한 점심메뉴가 다양하고 전반적인 가격대가 저렴한 업소임'),
('영동우동', '한식', '서울특별시 강남구 도곡로7길 28 (역삼동)', '강남구', '02-555-6858', 'null'),
('영동원삼겹살', '한식', '서울특별시 강남구 강남대로 520 (논현동)', '강남구', '02-541-5090', '매장이 깨끗하며 무엇보다 고기가 맛있음. 저렴한가격'),
('예자네밥상', '한식', '서울특별시 강남구 테헤란로114길 30 (대치동)', '강남구', '02-553-4675', '하림닭을 사용하며 푸짐한 양을 자랑함'),
('예향', '중식', '서울특별시 강남구 역삼로7길 3 2층(역삼동)', '강남구', '02-539-4431', '가락시장에서 식자재 직접구입하여 신선한 재료 사용'),
('옛날막고기집', '한식', '서울특별시 용산구 한강대로 125-2 (한강로2가)', '용산구', '794-1488', '가격이 타업소에 비하여 저렴'),
('옛날맛짜장', '중식', '서울특별시 송파구 가락로 113 (석촌동)', '송파구', '425-3533', '업소 청결 원산지표시제 이행'),
('옛날무쇠솥', '한식', '서울특별시 서울 마포구 서강로1길 12-5 1층', '마포구', '2-323-7098', 'null'),
('오가네밥상', '한식', '서울특별시 강남구 광평로 280 지하2층 138호', '강남구', '02-3413-0181', '다양한 반찬'),
('오백냥분식', '한식', '서울특별시 송파구 가락로 112 (석촌동)', '송파구', '414-2261', '저렴한 가격으로 국내산 재료 취급함 친절한 고객 서비스 '),
('오복냉면', '한식', '서울특별시 강남구 선릉로76길 21 (대치동)', '강남구', '02-501-6288', '후하고 넉넉한 인심 주재료인 쌀을 직접 구매함'),
('왕가네왕만두', '한식', '서울특별시 강남구 역삼로 420 지상1층(대치동)', '강남구', '02-555-0208', '신선한 재료 사용 친절한 서비스 속이 알찬 만두를 직접 만듬'),
('용산장어마을', '한식', '서울특별시 서울 용산구 백범로 318', '용산구', '02-3273-0105', '장어전문점이지만 추어탕을 저렴한 가격에 제공하고 있으며 다양한 민물매운탕도 낮은 가격에 판매'),
('용산풍천숯불민물장어', '한식', '서울특별시 서울 용산구 한강대로39길 10', '용산구', '02-749-5905', '점심시간 빈자리가 없을 정도로 인기가 많으며 칼국수 가격이 지역평균가에 비해 35%이상 저렴 '),
('우돈골', '한식', '서울특별시 송파구 위례성대로20길 24 (오금동)', '송파구', '3401-4585', '점심특선으로 가격할인제공  국내산 삼겹살 600g 22000원으로 푸짐한 양과 저렴한 가격 점심특선 메뉴로 인근 직장인들이 많이 이용함 '),
('우리생고기', '한식', '서울특별시 강남구 개포로82길 13-17 2층 2호(개포2동)', '강남구', '02-577-7740', '저렴한 가격을 유지하여10 단골손님을 유지하고 있음'),
('우성숯불갈비', '한식', '서울특별시 송파구 백제고분로17길 56 (잠실동)', '송파구', '416-9600', '친절서비스 옥외가격표시 원산지표시 이행'),
('원돈까스우동', '한식', '서울특별시 서울 용산구 서빙고로65길 10', '용산구', '02-797-9718', '메뉴 전체가 저렴한 가격대이며 8년간 가격동결한 지역의 맛집'),
('원할매이모네닭한마리', '한식', '서울특별시 강남구 도곡로4길 9 2층(도곡동)', '강남구', '02-3461-8555', 'null'),
('월드맛집', '한식', '서울특별시 강남구 논현로151길 26 (신사동)', '강남구', '02-516-7892', 'null'),
('웨스턴후라이드라이스', '경양식일식', '서울특별시 마포구 홍익로 26 (동교동)', '마포구', '02-336-7892', '청결 친절....즉석 볶음밥의 풍미'),
('웰빙뚝배기', '한식', '서울특별시 마포구 동교로12길 21 (서교동)', '마포구', '02-982-0652', '주인이 직접 운영해서 비용이 절감되며 동네 장사다 보니 우리가족이 먹는 음식이라고 생각하고 정성들여 제공함'),
('유성짬뽕', '중식', '서울특별시 송파구 거마로22길 35 (마천동)', '송파구', '443-6692', '신선한 재료와 모든 야채는 가게에서 직접 준비함 물가상승대비 가격 동결 청결 친절 서비스'),
('육천중국요리', '중식', '서울특별시 강남구 역삼로 37길 11', '강남구', '02-568-2250', '시원하고 맛있는 칡냉면 저렴한 가격'),
('육판장', '한식', '서울특별시 강남구 삼성로 155 지상1층 122호(대치동)', '강남구', '02-564-6254', '신선한 재료 사용 맛있는 먹거리 제공 학원가 학생들을 위해 저렴한 가격 유지'),
('이모네손칼국수', '한식', '서울특별시 강남구 언주로69길 9 1층', '강남구', '02-555-0767', 'null'),
('일공오삼겹살', '한식', '서울특별시 서울 용산구 백범로87길 52', '용산구', '02-3273-0105', '점심시간에 다양하면서 저렴한 찌개메뉴로 구성되어있어 주변 호응도가 높음'),
('일봉', '경양식일식', '서울특별시 종로구 종로 192-1 (종로4가)', '종로구', '2266-2540       ', '종업원 인건비를 생선에 투자하여 신선하고 저렴한가격으로 드실수 있도록 최선을 다하고 있습니다'),
('일심해장국', '한식', '서울특별시 송파구 양산로 12 (거여동)', '송파구', '407-6718', '\'저희 업소는 항상 박리다매로저렴하고  최고의 품질로 임하고 있습니다\' '),
('임가네민속집', '한식', '서울특별시 강남구 논현로79길 7', '강남구', '02-556-1015', '25년 경력의 사장님이 만두속 만두피까지 직접 만듬. 가족끼리 경영하여 인건비를 절감하여 저렴한 식사제공'),
('장독묵은지', '한식', '서울특별시 강남구 삼성로 38 (개포동)', '강남구', '02-445-1444', '시골에서 농사지은 재료로 맛깔나고 정성스럽게 손님에게 제공'),
('장수설렁탕', '한식', '서울특별시 송파구 백제고분로 148 (잠실동)', '송파구', '415-1472        ', '15년 한 자리 영업으로 단골고객 보유	  맛좋은 설렁탕과 시원한 해장국 전문으로 24시간 손님을 모시고 있습니다. 13년동안 같은 장소에서 맛있는 설렁탕을 제공하고 있습니다. '),
('장수촌', '한식', '서울특별시 송파구 바람드리길 13 (풍납동)', '송파구', '473-0609', '전통시장 내 맛집'),
('전주비빔밥', '한식', '서울특별시 강남구 봉은사로 524 (삼성동) 공항타워 지하1층 14호', '강남구', '02-2016-5280', 'null'),
('정하람남도팥칼국수', '한식', '서울특별시 송파구 삼전로 90 (삼전동)', '송파구', '415-2334', 'null'),
('제일식당', '한식', '서울특별시 강남구 남부순환로 2921 (대치동)', '강남구', '02-568-9367', '대부분의 가격이 저렴하다. 넉넉한 인심으로 양을 많이 드린다.'),
('제주토방탕수육', '중식', '서울특별시 송파구 성내천로 212 (마천동)', '송파구', '431-0049', '15년 동안  한장소에서  운영하고 있습니다!!! 돼지고기는 제주산  생고기만을 사용합니다.(냉동고기는 사용 안함)~~~ 맛이좋습니다!!!  탕수육 전문점으로 단일품목만 취급하며 홀 방문시 저렴한 가격으로 제공 '),
('조은김밥', '한식', '서울특별시 송파구 백제고분로17길 43 (잠실동)', '송파구', '3431-7522', ''),
('중화요리일품', '중식', '서울특별시 강남구 테헤란로 322 (역삼동)', '강남구', '', '손님에게는 친절 좋은 재료 사용'),
('지리산', '한식', '서울특별시 영등포구 여의나루로 67 (여의도동)', '강남구', '02-546-3127', '신선한 재료만 사용하고 매장이 깨끗함 친절한 서비스'),
('지리산 생고기', '한식', '서울특별시 밤고개로 1길 10 지하2층', '강남구', '02-2040-6776', 'null'),
('진부령황태해장국', '한식', '서울특별시 용산구 대사관로24길 15 (한남동)', '용산구', '790-9950', '가격이 타업소에 비해 저렴하고 맛이 좋아 사람들이 많이 찾음'),
('진차돌', '한식', '서울특별시 종로구 종로35길 39 (효제동) 1층 102호', '종로구', '02-745-2516', '전 메뉴가 지역평균가 보다 10%이상 저렴'),
('찌개와', '한식', '서울특별시 강남구 광평로 280 (수서동)', '강남구', '02-3413-0709', '손님이 만족할 수 있게 써비스로 제공'),
('차이나는만두', '중식', '서울특별시 마포구 백범로 205 (신공덕동 마포펜트라우스)', '마포구', '02-702-7176', ''),
('착한깡통', '한식', '서울특별시 송파구 마천로41길 33 (마천동)', '송파구', '070-7527-8215', ''),
('참맛 닭곰탕', '한식', '서울특별시 마포구 망원로8길 36 (망원동)', '마포구', '336-9945', ''),
('처갓집', '한식', '서울특별시 강남구 양재대로 339 (개포동)', '강남구', '02-573-6317', 'null'),
('청계산갈비살', '한식', '서울특별시 강남구 학동로45길 7 지하1층 (논현동)', '강남구', '02-543-2198', '가격이 저렴하며 신선한 재료를 사용함 국내산 좋은 돼지갈비를 사용하면서 저렴하게 제공 매일 한가지 메뉴를 오늘의 메뉴로 정해 5500원에 제공'),
('청송숯불화로구이', '한식', '서울특별시 강남구 언주로114길 17 (논현동)', '강남구', '02-549-3739', '최상의 식재자 사용 천연조미료만 사용 제주산 돼지생고기 사용 김치 직접 담궈서 제공(묵은지 제공)'),
('청숫골보리밥쌈밥', '한식', '서울특별시 강남구 삼성로 706 지하1층(청담동)', '강남구', '02-3443-4402', '신선한 야채를 당일 재료 구입하여 가격이 저렴'),
('청실식당', '한식', '서울특별시 강남구 남부순환로 2917 (대치동)', '강남구', '02-568-3692', '맛있고 저렴하다 가족이 운영 인건비 절감으로 저렴하고 맛잇게 제공'),
('청운숯불갈비', '한식', '서울특별시 용산구 청파로 383-8 (서계동)', '용산구', '711-2625', '모범업소로서 깨끗하고 청결한 위생관리 '),
('청해루', '중식', '서울특별시 송파구 거마로20길 17 (마천동)', '송파구', '404-5586', '홀 방문시 저렴한 가격으로 제공	 친절한 미소와 서비스로 고객님들을 모십니다 저렴한 가격과 청결한 업소입니다\' '),
('춘향고을', '한식', '서울특별시 송파구 올림픽로32길 5 (방이동)', '송파구', '3431-1433', '저렴한 가격으로 서비스를 제공 고객만족 우수'),
('콩나물국밥', '한식', '서울특별시 종로구 자하문로 3 (내자동)', '종로구', '738-8223', '테이블 10개를 주인이 혼자 운영하여 저렴한 가격을 유지 세종마을(서촌)입구에 위치하여 찾기 쉽고 순두부 찌개 콩나물국밥 맛이 특히 뛰어남.'),
('투가리올림픽', '한식', '서울특별시 송파구 백제고분로 465 (방이동)', '송파구', '386-7004', '인건비 절약(고객 셀프서비스) 실내가 깨끗하며 화학조미료를 절대 사용하지 않고  신선한 재료로 맛을 낸다. 20년의 손맛으로 끓여주는 깔끔한 맛 '),
('트윈쿡', '한식', '서울특별시 강남구 영동대로 513 지하1층 M112호', '강남구', '02-6002-3225', '최근 리모델링으로 깨끗한 분위기 제공 '),
('팔팔한상', '한식', '서울특별시 강남구 밤고개로1길 10 ', '강남구', '02-451-1550', 'null'),
('풍경한식', '한식', '서울특별시 강남구 광평로47길 17 (수서동 신동아아파트) ', '강남구', '02-3411-0005', '좋은 식재료로 집밥같은 메뉴제공'),
('풍년갈비', '한식', '서울특별시 서대문구 통일로 495 (홍은동)', '마포구', '02-322-5818', ''),
('풍년숯불갈비', '한식', '서울특별시 용산구 새창로 130 (원효로2가)', '용산구', '719-6530', '모범업소로서 깨끗하고 청결한 위생관리  항상신선한 재료사용하고 가격저렴한 품목이 많음 '),
('퓨전 한마당', '경양식일식', '서울특별시 종로구 대학로5길 5 (연건동)', '종로구', '741-3455', '특제소스 우수한고기'),
('한벽루 전주콩나물국밥', '한식', '서울특별시 강남구 개포로 648 1층(일원동)', '강남구', '02-445-1041', 'null'),
('한보식당', '한식', '서울특별시 강남구 남부순환로 2921 남서울상가지하 11호(대치동)', '강남구', '02-562-0276', '가정식으로 어머니의 손맛을 느낄수 있음'),
('한성축산식당', '한식', '서울특별시 마포구 연남로 33 (연남동)', '마포구', '375-8447', ' 넓은 공간에 설렁탕은 국산을 사용하여 판매하며 도로가로 접근성이 좋음. 육우와 암돼지를 취급하며 사장님이 정육점과 함께하여 다른 곳에 비해 저렴한 가격에 고기를 즐기실 수 있습니다.'),
('한연수짜장', '중식', '서울특별시 송파구 송이로31길 4-11 (문정동)', '송파구', '402-3414', '배달제외로 인건비 절감  저렴한 가격은 물론. 신선하고 질 좋은 식재료로 정성껏 준비하여 손님을 맞이하며  청결 깨끗한 요리작업을 볼 수 있게 주방이 오픈되어 있습니다. '),
('한우정육점식당', '한식', '서울특별시 강남구 일원로5길 24 (일원동)', '강남구', '02-445-6633', 'null'),
('한일각', '중식', '서울특별시 용산구 보광로 21-1 (보광동)', '용산구', '796-2557', '자장면과 짬뽕이 20%이상 저렴하고 신선한 재료를 사용하는 업소임'),
('함흥냉면(연백냉면)', '한식', '서울특별시 송파구 새말로12길 7 (문정동)', '송파구', '409-5054', '\'육수및 양념장 직접만듦.  면은 고구만전분(함흥냉면가루)을 뜨거운 물로반죽하여 직접뽑음. 함흥냉면 경력20년.\' 학생고객위주의 가격으로 대한민국 최저가 자부 '),
('항아리 숯불갈비', '한식', '서울특별시 강남구 언주로134길 11-1 (논현동)', '강남구', '02-517-2260', '신선한 국내산 재료만을 고집'),
('해남식당', '한식', '서울특별시 강남구 학동로101길 26 청담삼익상가 지하1층 4호(청담동)', '강남구', '02-543-9660', '가정식으로 어머니의 손맛을 느낄수 있음'),
('해주냉면', '한식', '서울특별시 송파구 올림픽로12길 5-22 (잠실동)', '송파구', '424-7192        ', '냉면양념의 맵고 새콤달콤한 특별한 맛과 20년 전통의 특별한 노하우가 있으며. SBS MBC TV에 방영된 업소입니다. 단일메뉴로 반찬 식자재 절감효과로 저렴한 가격제공가능'),
('해피타임', '한식', '서울특별시 강남구 삼성로71길 34 (대치동)', '강남구', '02-567-5714', '사장이 직접 요리하여 인건비를 절감 김밥크기가 다른업소의 2배'),
('해피하우스소정', '한식', '서울특별시 서울 마포구 성산로 128 지하1층', '마포구', '02-336-4897', 'null'),
('행복한 잔치국수', '한식', '서울특별시 강남구 광평로 196 2층 201호', '강남구', '02-459-2918', 'null'),
('행복한밥상', '한식', '서울특별시 강남구 테헤란로 310 지하1층 109호(역삼동) ', '강남구', '02-555-7935', 'null'),
('행운식당', '한식', '서울특별시 강남구 선릉로 328 1층 8호(대치동)', '강남구', '02-561-4260', 'null'),
('향나무집', '한식', '서울특별시 강남구 봉은사로111길 7 지상1층 (삼성동)', '강남구', '02-511-3061', '7년전 가격 그대로 주인이 직접 조리를 하여 청결유지'),
('호남식당', '한식', '서울특별시 송파구 거마로22길 1 (마천동)', '송파구', '3402-0885', '정성들인 깔끔한 맛 청결 친절 서비스  물가상승 대비 2년간 가격동결'),
('홍보성', '중식', '서울특별시 송파구 문정로4길 24-20 (문정동)', '송파구', '400-4532', '박리다매 형식으로 영업. 저렴한 가격으로 고객님들께 제공할수 있습니다\' 신선한 식재료로 대표님이 직접 요리하고  맛이좋아 한번드셔보시면 다시 찾게됩니다\' '),
('화로가', '한식', '서울특별시 용산구 한강대로39길 5 (한강로2가)', '용산구', '798-8480', '당일 조리된 매일 다른 반찬이 나오며 타 업소에 비해 저렴한 가격에 공급하는 업소임 '),
('황가솥뚜껑삼겹살', '한식', '서울특별시 강남구 논현로30길 36 지하1층(도곡동)', '강남구', '02-578-9043', 'null'),
('황소마을', '한식', '서울특별시 용산구 이태원로26길 8 (이태원동)', '용산구', '794-6373', '이태원 관광특구내에 있으며 친절하고 저렴한 가격으로 운영하는 위생모범업소'),
('횡성한우목장', '한식', '서울특별시 용산구 효창원로48길 6 (용문동)', '용산구', '716-8592', '\'모범업소로서 깨끗하고 청결한 위생관리 갈비탕(특) 주변보통가격으로 판매(푸짐한 양)\' '),
('효성마루', '한식', '서울특별시 마포구 마포대로7길 15 (공덕동)', '마포구', '716-3683', ' '),
('훼밀리김밥', '한식', '서울특별시 송파구 성내천로21길 12 (마천동 신동아아파트)', '송파구', '406-5415', '나눔과 기쁨 후원. 즉석김밥 신선한 재료와 모든 야채는  체인점이 아닌 가계에서 직접 재료 준비함  '),
('흑돈연가', '한식', '서울특별시 용산구 한강대로76길 11-2 (남영동)', '용산구', '797-8060', '\'모범업소로서 깨끗하고 청결한 위생관리  사장님과 종업원 매우친절\' ');

-- --------------------------------------------------------

--
-- 테이블 구조 `member`
--

CREATE TABLE `member` (
  `id` varchar(20) NOT NULL,
  `pass` varchar(20) NOT NULL,
  `name` varchar(20) NOT NULL,
  `birth` date NOT NULL,
  `gender` varchar(1) NOT NULL
) ENGINE=InnoDB DEFAULT CHARSET=utf8mb4 COMMENT='signup';

--
-- 테이블의 덤프 데이터 `member`
--

INSERT INTO `member` (`id`, `pass`, `name`, `birth`, `gender`) VALUES
('team08', 'team08', 'team08', '2021-11-17', 'F');

-- --------------------------------------------------------

--
-- 테이블 구조 `restaurant`
--

CREATE TABLE `restaurant` (
  `guCode` int(7) DEFAULT NULL,
  `since` int(4) DEFAULT NULL,
  `restName` varchar(25) NOT NULL,
  `restRoad` varchar(64) DEFAULT NULL,
  `restAddr` varchar(51) DEFAULT NULL,
  `restType` varchar(14) DEFAULT NULL,
  `restMain` varchar(14) DEFAULT NULL,
  `dongName` varchar(11) DEFAULT NULL,
  `restPhone` varchar(12) DEFAULT NULL
) ENGINE=InnoDB DEFAULT CHARSET=utf8;

--
-- 테이블의 덤프 데이터 `restaurant`
--

INSERT INTO `restaurant` (`guCode`, `since`, `restName`, `restRoad`, `restAddr`, `restType`, `restMain`, `dongName`, `restPhone`) VALUES
(3230000, 2020, '(주)가득드림한식부페도시락', '서울특별시 송파구 법원로 114 엠스테이트 E동 지하1층 E-B149150151호 (문정동)', '서울특별시 송파구 문정동  643번지 1호  엠스테이트', '뷔페식', '도시락 뷔페', '문정1동', ''),
(3130000, 2012, '(주)거구상사(거구장)', '서울특별시 마포구 백범로 23 (신수동외 8필지)', '서울특별시 마포구 신수동  63번지 14호  외 8필지', '한식', '갈비.불고기', '대흥동', '02 7153611'),
(3220000, 2010, '(주)곰바위', '서울특별시 강남구 삼성로 542 (삼성동지하1층지상1층)', '서울특별시 강남구 삼성동  151번지 4호  지하1층지상1층', '한식', '양대창구이', '삼성1동', '02  552 7761'),
(3220000, 2014, '(주)광양불고기본가', '서울특별시 강남구 영동대로 325 (대치동지상1층)', '서울특별시 강남구 대치동  983번지 1호  지상1층', '한식', '불고기', '대치2동', '02 5675877'),
(3220000, 2016, '(주)김돈이', '서울특별시 강남구 선릉로94길 9 (삼성동)', '서울특별시 강남구 삼성동  140번지 29호  ', '한식', '흑도새기', '삼성2동', '02 5680508'),
(3230000, 2017, '(주)내함 한국집 롯데백화점 잠실지점', '서울특별시 송파구 올림픽로 240 지하1층 (잠실동 롯데백화점 잠실점)', '서울특별시 송파구 잠실동  40번지 1호  ', '한식', '비빔밥찌개', '잠실본동', '221431799'),
(3230000, 2017, '(주)늘솜 발재반점 잠실점', '서울특별시 송파구 송파대로 570 지하1층 (신천동)', '서울특별시 송파구 신천동  7번지 30호  ', '중국식', '자장면짬뽕', '잠실4동', '02 4162018'),
(3220000, 2019, '(주)도라후구현복집', '서울특별시 강남구 도산대로50길 14 지상12층 (논현동)', '서울특별시 강남구 논현동  96번지 15호  지상12층', '한식', '복', '논현1동', '02 5116888'),
(3230000, 2014, '(주)방이진대감', '서울특별시 송파구 오금로13길 6 지상1층 (방이동)', '서울특별시 송파구 방이동  67번지  지상1층', '한식', '차돌삼합', '방이2동', '02 4162472'),
(3000000, 2008, '(주)베이징코야', '서울특별시 종로구 율곡로2길 29-1 지하1층 (수송동)', '서울특별시 종로구 수송동  110번지  지하1층', '중국식', '북경오리구이', '종로1.2.3.4가동', '02  313 5292'),
(3230000, 2017, '(주)볼드4 Bruxie(브럭시) 롯데월드몰점', '서울특별시 송파구 올림픽로 300 지하1층 (신천동 롯데월드몰 )', '서울특별시 송파구 신천동  29번지  ', '기타', '와플치킨', '잠실4동', '232134790'),
(3020000, 2016, '(주)부다스벨리', '서울특별시 용산구 녹사평대로40길 48 (이태원동 457-1 지상1층)', '서울특별시 용산구 이태원동  457번지 1호  (지상1층)', '경양식', '태국음식', '이태원제1동', '02 7969330'),
(3000000, 2007, '(주)석파랑', '서울특별시 종로구 자하문로 309 1층 (홍지동)', '서울특별시 종로구 홍지동  125번지  ', '한식', '한정식', '부암동', '02395 2500'),
(3230000, 2017, '(주)송추가마골 잠실점', '서울특별시 송파구 송파대로 570 지하1층 (신천동 타워730)', '서울특별시 송파구 신천동  7번지 30호  ', '한식', '양념갈비.갈비탕', '잠실4동', '02 4226446'),
(3230000, 2019, '(주)송파아구', '서울특별시 송파구 오금로44길 50-22 지상1층 (가락동)', '서울특별시 송파구 가락동  194번지 15호  지상1층', '한식', '아구찜', '가락2동', '02 4030627'),
(3220000, 2010, '(주)신정', '서울특별시 강남구 테헤란로8길 29 (역삼동)', '서울특별시 강남구 역삼동  828번지 2호  ', '한식', '샤브샤브', '역삼1동', '02 5541033'),
(3230000, 2018, '(주)신화푸드 송도이동갈비천지연문정역점', '서울특별시 송파구 법원로 128 문정에스케이브이원지엘메트로시티 A동 201 202 203 204 205호 (문정동)', '서울특별시 송파구 문정동  642번지 3호  문정에스케이브이원지엘메트로시티', '한식', '갈비', '문정2동', '02 4496628'),
(3220000, 2010, '(주)아구본가첨벙대치', '서울특별시 강남구 도곡로 426 (대치동지상2층)', '서울특별시 강남구 대치동  1023번지 3호  지상2층', '한식', '아구찜', '대치1동', '02  538 0104'),
(3220000, 2014, '(주)아리양', '서울특별시 강남구 봉은사로 317 (논현동지상1층)', '서울특별시 강남구 논현동  277번지 20호  지상1층', '한식', '양대창', '논현1동', ''),
(3020000, 2016, '(주)어번그룹 바토스 이태원점', '서울특별시 용산구 이태원로15길 1 (이태원동 181-8 지상2층 2호3호)', '서울특별시 용산구 이태원동  181번지 8호  (지상2층)2호3호', '경양식', '멕시코음식', '이태원제1동', '02 7978226'),
(3020000, 2015, '(주)에스와이에스홀딩스 이남장설렁탕 전자랜드점', '서울특별시 용산구 청파로 74 (한강로3가 16-9외6필지 용산전자랜드 지상7층1호)', '서울특별시 용산구 한강로3가  16번지 9호  외6필지 용산전자랜드(지상7층)1호', '한식', '설렁탕', '한강로동', '02 7010088'),
(3230000, 2018, '(주)오금버드나무집', '서울특별시 송파구 동남로 309 (오금동)', '서울특별시 송파구 오금동  127번지 9호  ', '한식', '갈비', '오금동', '02 4088000'),
(3220000, 2012, '(주)우동명가기리야마본진', '서울특별시 강남구 강남대로84길 23 지하1층 020304050607호 (역삼동 한라클래식)', '서울특별시 강남구 역삼동  824번지 11호  ', '한식', '우동 소바', '역삼1동', '02  555 8770'),
(3220000, 2016, '(주)정성담에프앤비', '서울특별시 강남구 언주로173길 8 1층 (신사동)', '서울특별시 강남구 신사동  617번지 9호  ', '한식', '한정식', '신사동', '54580765'),
(3220000, 2016, '(주)중앙해장', '서울특별시 강남구 영동대로86길 17 1층 (대치동)', '서울특별시 강남구 대치동  996번지 16호  ', '한식', '해장국', '대치1동', ''),
(3220000, 2010, '(주)참배나무골역삼지점', '서울특별시 강남구 논현로 503 지하1층 (역삼동)', '서울특별시 강남구 역삼동  642번지 9호  지하1층', '한식', '오리고기', '역삼1동', '221855292'),
(3220000, 2010, '(주)청담소', '서울특별시 강남구 언주로148길 7 (논현동)', '서울특별시 강남구 논현동  97번지 20호  ', '한식', '', '논현2동', '02 5407792'),
(3220000, 2010, '(주)청담푸드빌(청담복집)(신의주찹쌀순대)', '서울특별시 강남구 영동대로 725 (청담동)', '서울특별시 강남구 청담동  68번지 7호  ', '한식', '순대', '청담동', '02 5119081'),
(3230000, 2014, '(주)청정해신선어', '서울특별시 송파구 송파대로28길 27 (가락동성원상떼빌 102동 2층 207호)', '서울특별시 송파구 가락동  80번지 0호  성원상떼빌 102동 2층 207호', '일식', '참도미회', '가락본동', '234012233'),
(3220000, 2010, '(주)타워차이', '서울특별시 강남구 언주로30길 26 (도곡동타워팰리스스포츠클럽지상1층)', '서울특별시 강남구 도곡동  467번지 29호  타워팰리스스포츠클럽지상1층', '중국식', '샥스핀', '도곡2동', ''),
(3220000, 2014, '(주)평가옥 푸드시스템 역삼점', '서울특별시 강남구 논현로 519 지하1 지상1층 (역삼동)', '서울특별시 강남구 역삼동  641번지 8호  지하1 지상1', '한식', '냉면', '역삼1동', ''),
(3230000, 2012, '(주)한아람', '서울특별시 송파구 위례성대로 34 지상2층 (방이동)', '서울특별시 송파구 방이동  180번지 7호  지상2층', '한식', '한정식', '방이2동', '02 4175688'),
(3130000, 2013, '(주)해담가합정점', '서울특별시 마포구 양화로 45 (서교동 1층 101호)', '서울특별시 마포구 서교동  490번지  ', '한식', '숯불고기', '서교동', '02  326 5544'),
(3220000, 2014, '(주)해담채강남', '서울특별시 강남구 논현로85길 70 (역삼동지하1층)', '서울특별시 강남구 역삼동  823번지 16호  지하1층', '한식', '한정식', '역삼1동', ''),
(3230000, 2017, '(주)현대그린푸드 한솔냉면', '서울특별시 송파구 충민로 66 테크노관 지하1층 (문정동 현대시티몰 가든파이브)', '서울특별시 송파구 문정동  634번지  ', '한식', '냉면', '문정1동', '226732033'),
(3020000, 2021, '(주반야주)무교동낙지', '서울특별시 용산구 대사관로24길 22 (한남동(지상1층))', '서울특별시 용산구 한남동  642번지 37호  (지상1층)', '한식', '양념돼지갈비', '한남동', '02 7974945'),
(3230000, 2015, '1994 춘천닭갈비', '서울특별시 송파구 가락로16길 3-6 (석촌동지상1층)', '서울특별시 송파구 석촌동  297번지 1호  지상1층', '한식', '닭갈비', '석촌동', '02 4159608'),
(3230000, 2007, '24시뼈다귀탕', '서울특별시 송파구 백제고분로 154 (잠실동)', '서울특별시 송파구 잠실동  314번지 7호  ', '한식', '뼈다귀감자탕', '잠실본동', '02  417 4686'),
(3020000, 2021, '99스테이크 파스타', '서울특별시 용산구 백범로 282 1층 (효창동)', '서울특별시 용산구 효창동  242번지 1호  ', '경양식', '스테이크파스타', '효창동', ''),
(3230000, 2007, 'BBQ 방이스타점', '서울특별시 송파구 오금로15길 16 (방이동1층)', '서울특별시 송파구 방이동  71번지  1층', '한식', '갈비', '방이1동', '02 4182007'),
(3230000, 2020, 'e-어도참치', '서울특별시 송파구 삼학사로 96 (석촌동)', '서울특별시 송파구 석촌동  2번지  ', '일식', '순대국 오징어수육', '석촌동', '02 4173738'),
(3230000, 2017, 'HOME(홈)', '서울특별시 송파구 충민로 66 지하1층 T-B1110호 (문정동 가든파이브라이프)', '서울특별시 송파구 문정동  634번지  ', '기타', '스파게티 돈까스', '문정1동', '221570045'),
(3230000, 2018, 'JVL부대찌개 현대시티몰 가든파이브점', '서울특별시 송파구 충민로 66 현대시티몰 가든파이브점 아울렛관 지하1층 (문정동)', '서울특별시 송파구 문정동  634번지  현대시티몰 가든파이브점 아울렛관', '한식', '부대찌개', '문정1동', '290732011'),
(3230000, 2008, 'LIU(리우)', '서울특별시 송파구 삼전로 91 지상1층 (잠실동)', '서울특별시 송파구 잠실동  252번지 12호  지상1층', '한식', '', '잠실2동', '02 4124218'),
(3230000, 2007, 'T.G.I.F 롯데캐슬 잠실점', '서울특별시 송파구 올림픽로 269 지상2층 (신천동 롯데캐슬골드 캐슬플라자 201~2210~5호)', '서울특별시 송파구 신천동  7번지 18호  롯데캐슬골드 캐슬플라자 2층 201~2210~5호', '경양식', '스테이크', '잠실4동', '221462401'),
(3230000, 2008, 'THE LAST GAME(더라스트게임)', '서울특별시 송파구 오금로11길 55 (방이동현대주상복합빌딩 109110111호)', '서울특별시 송파구 방이동  48번지 5호  현대주상복합빌딩 109110111호', '한식', '', '방이2동', '02  425 2928'),
(3220000, 2016, '가득드림', '서울특별시 강남구 영동대로 513 지하1층 M113호 (삼성동 컨벤션센타 코엑스몰)', '서울특별시 강남구 삼성동  159번지  지하1층', '분식', '도시락', '삼성1동', '02  551 8288'),
(3230000, 2009, '가락골마산아구찜', '서울특별시 송파구 송이로19길 3 (가락동)', '서울특별시 송파구 가락동  49번지 7호  ', '한식', '아구찜탕', '가락본동', '02 4096665'),
(3220000, 2010, '가시리2관', '서울특별시 강남구 언주로87길 43 (역삼동지상1층 101호)', '서울특별시 강남구 역삼동  718번지 27호  지상1층 101호', '한식', '생선조림', '역삼2동', ''),
(3230000, 2007, '가야촌오리주물럭', '서울특별시 송파구 오금로 533 (거여동)', '서울특별시 송파구 거여동  35번지 5호  ', '한식', '오리주물럭', '거여2동', '02 4135292'),
(3220000, 2014, '가양양꼬치', '서울특별시 강남구 강남대로96길 17 (역삼동지상2층)', '서울특별시 강남구 역삼동  817번지 21호  지상2층', '일식', '양꼬치', '역삼1동', ''),
(3220000, 2010, '가원', '서울특별시 강남구 광평로 234 (수서동지상23층)', '서울특별시 강남구 수서동  461번지 37호  지상23층', '한식', '오리구이', '수서동', ''),
(3220000, 2017, '갈비야', '서울특별시 강남구 봉은사로112길 6 1층 (삼성동 익성빌딩)', '서울특별시 강남구 삼성동  162번지 15호  ', '한식', '고기구이', '삼성1동', ''),
(3220000, 2016, '감성타코앤그릴', '서울특별시 강남구 강남대로162길 31 지하1지상1층 (신사동)', '서울특별시 강남구 신사동  523번지 16호  ', '경양식', '경양식', '신사동', ''),
(3000000, 2007, '감촌', '서울특별시 종로구 종로 19 5층 511호 일부 512호 (종로1가)', '서울특별시 종로구 종로1가  24번지  ', '한식', '순두부', '종로1.2.3.4가동', '02 7337035'),
(3220000, 2016, '갓텐스시강남점', '서울특별시 강남구 테헤란로 109 (역삼동강남제일빌딩 1층)', '서울특별시 강남구 역삼동  822번지 4호  강남제일빌딩 1층', '일식', '초밥', '역삼1동', '02  20511560'),
(3220000, 2010, '강가', '서울특별시 강남구 논현로 508 (역삼동GS타워 지하1층)', '서울특별시 강남구 역삼동  679번지 0호  GS타워 지하1층', '경양식', '커리', '역삼1동', '02  20050610'),
(3220000, 2010, '강남 진진바라', '서울특별시 강남구 테헤란로52길 15 지하2층 (역삼동)', '서울특별시 강남구 역삼동  708번지 20호  ', '한식', '한정식', '역삼1동', '02 5387733'),
(3230000, 2018, '강남면옥 송파점', '서울특별시 송파구 법원로 128 문정에스케이브이원지엘메트로시티 A동 1층 103호~106호 (문정동)', '서울특별시 송파구 문정동  642번지 3호  문정에스케이브이원지엘메트로시티', '기타', '냉면 갈비찜', '문정1동', '02 4006599'),
(3220000, 2010, '강남목장', '서울특별시 강남구 논현로86길 34 (역삼동지상1층)', '서울특별시 강남구 역삼동  725번지 25호  지상1층', '한식', '생고기 구이', '역삼2동', '2'),
(3220000, 2019, '강남샤오츠', '서울특별시 강남구 봉은사로44길 31 1층 (역삼동)', '서울특별시 강남구 역삼동  686번지 3호  ', '중국식', '탕수육외', '역삼1동', ''),
(3220000, 2016, '강남수랏간', '서울특별시 강남구 역삼로 410 (대치동지상1층2층)', '서울특별시 강남구 대치동  908번지 5호  지상1층2층', '한식', '돼지갈비', '대치4동', '02 5675123'),
(3220000, 2016, '강성환차이나', '서울특별시 강남구 삼성로91길 28 지상2층 (삼성동)', '서울특별시 강남구 삼성동  143번지 30호  ', '중국식', '자장면', '삼성2동', '02 5619974'),
(3020000, 2001, '강원정 삼계탕', '서울특별시 용산구 원효로89길 13-10 (원효로1가(지상1층))', '서울특별시 용산구 원효로1가  48번지 7호  (지상1층)', '한식', '삼계탕', '원효로제1동', '02 7199978'),
(3220000, 2010, '강진수산수산물직판장', '서울특별시 강남구 테헤란로52길 6 (역삼동지하1층)', '서울특별시 강남구 역삼동  707번지 38호  지하1층', '일식', '회', '역삼2동', '02 5621155'),
(3230000, 2018, '강촌닭갈비', '서울특별시 송파구 법원로 114 E동 B120호 (문정동 엠스테이트)', '서울특별시 송파구 문정동  643번지 1호  엠스테이트', '한식', '닭갈비', '문정1동', '261779299'),
(3220000, 2016, '개성집', '서울특별시 강남구 봉은사로1길 6 (논현동지상1층)', '서울특별시 강남구 논현동  201번지 1호  지상1층', '한식', '삼겹살', '논현1동', '02 5478526'),
(3220000, 2014, '개성칡냉면', '서울특별시 강남구 일원로9길 12 (일원동)', '서울특별시 강남구 일원동  687번지 4호  ', '한식', '냉면', '개포2동', '234111993'),
(3230000, 2016, '갯마을', '서울특별시 송파구 백제고분로34길 41 지상1층 (석촌동)', '서울특별시 송파구 석촌동  226번지  지상1층', '한식', '찜 구이 탕', '석촌동', '02 4224829'),
(3130000, 2006, '거부', '서울특별시 마포구 토정로37길 46 지1-동 13호호 (도화동정우빌딩)', '서울특별시 마포구 도화동  536번지 0호 지1- 정우빌딩-13호', '한식', '등심', '용강동', '02 7179387'),
(3220000, 2014, '거제지심도', '서울특별시 강남구 테헤란로108길 11 (대치동삼호빌딩지상1층)', '서울특별시 강남구 대치동  997번지 9호  삼호빌딩지상1층', '일식', '회', '대치2동', ''),
(3230000, 2013, '검룡소', '서울특별시 송파구 중대로 118 지상123층 (가락동)', '서울특별시 송파구 가락동  112번지 9호  ', '기타', '고기 탕류', '가락본동', '02 4003592'),
(3220000, 2015, '겨울바다', '서울특별시 강남구 도산대로24길 4 (논현동지하1층)', '서울특별시 강남구 논현동  6번지 17호  지하1층', '한식', '회', '논현1동', '02 5450313'),
(3220000, 2010, '경', '서울특별시 강남구 언주로172길 4 (신사동)', '서울특별시 강남구 신사동  636번지 1호  ', '일식', '회', '압구정동', '205449751'),
(3000000, 2008, '경복궁 박광일 참치', '서울특별시 종로구 자하문로 26-1 123층 (통의동)', '서울특별시 종로구 통의동  72번지  ', '일식', '참치회', '사직동', '02 7324114'),
(3220000, 2016, '경성면옥', '서울특별시 강남구 테헤란로87길 36 지하1층 B10호 (삼성동 도심공항타워)', '서울특별시 강남구 삼성동  159번지  ', '한식', '회 물냉면', '삼성1동', '02  539 9966'),
(3220000, 2013, '경주천년한우', '서울특별시 강남구 언주로 508 지하1층 (역삼동)', '서울특별시 강남구 역삼동  701번지 0호  ', '한식', '불고기', '역삼1동', '5602020'),
(3020000, 2015, '계경순대국숙대입구역점', '서울특별시 용산구 한강대로 306 1층 (갈월동)', '서울특별시 용산구 갈월동  66번지 2호  1층', '한식', '순대국', '남영동', '02  37897547'),
(3220000, 2016, '고궁수라간 코엑스점', '서울특별시 강남구 테헤란로87길 22 지하1층 Q104호 (삼성동)', '서울특별시 강남구 삼성동  159번지 6호  ', '한식', '전주전통비빔밥', '삼성1동', ''),
(3220000, 2016, '고반식당 선릉점', '서울특별시 강남구 역삼로63길 21 (대치동)', '서울특별시 강남구 대치동  899번지 4호  ', '일식', '고반정식', '대치4동', ''),
(3220000, 2010, '고센', '서울특별시 강남구 선릉로158길 18 23층 (청담동)', '서울특별시 강남구 청담동  88번지 23호  ', '한식', '파스타', '청담동', '205151863'),
(3220000, 2019, '고운님 한우곱창', '서울특별시 강남구 삼성로81길 22 (대치동한정빌딩지상1층104호)', '서울특별시 강남구 대치동  894번지 5호  한정빌딩지상1층104호', '한식', '한우곱창', '대치4동', '5689990'),
(3020000, 2018, '고인돌', '서울특별시 용산구 녹사평대로 140 크라운호텔 별관 1층 (이태원동)', '서울특별시 용산구 이태원동  34번지 69호  크라운호텔 별관1층', '한식', '소갈비', '이태원제1동', '02 7979433'),
(3000000, 2007, '고창선운사풍천장어금정', '서울특별시 종로구 대학로2길 38 (종로5가)', '서울특별시 종로구 종로5가  31번지  ', '한식', '장어구이', '종로5.6가동', '02 7459589'),
(3020000, 2019, '고흥집해란', '서울특별시 용산구 장문로6길 11 12층 (동빙고동)', '서울특별시 용산구 동빙고동  310번지 45호  12층', '한식', '생고기구이', '서빙고동', '02 7498892'),
(3230000, 2015, '골드 참치', '서울특별시 송파구 오금로 125 2층 (방이동 유미빌딩)', '서울특별시 송파구 방이동  109번지 11호  유미빌딩 2층', '기타', '모듬참치회', '방이2동', '02 4227747'),
(3230000, 2007, '골드러쉬', '서울특별시 송파구 송파대로28길 11 지상1층 (가락동)', '서울특별시 송파구 가락동  98번지 6호  지상1층', '경양식', '스테이크', '가락본동', ''),
(3230000, 2014, '공가네 한우국밥전문점', '서울특별시 송파구 삼전로 79 지상1층 101호 (잠실동 동명하이텔)', '서울특별시 송파구 잠실동  251번지 9호  동명하이텔 지상1층-101', '한식', '우렁쌈밥', '잠실본동', '02 4253350'),
(3220000, 2010, '공리', '서울특별시 강남구 영동대로85길 6 (대치동)', '서울특별시 강남구 대치동  946번지 15호  ', '중국식', '자장면', '대치2동', '02 5620110'),
(3220000, 2016, '공수간 코엑스몰', '서울특별시 강남구 영동대로 513 컨벤션센터동 지하1층 H116호 (삼성동 코엑스몰)', '서울특별시 강남구 삼성동  159번지  ', '분식', '떡볶이 순대 김밥', '삼성1동', ''),
(3220000, 2010, '공스시', '서울특별시 강남구 도산대로 412 남강빌딩 지하1층 (청담동)', '서울특별시 강남구 청담동  2번지 10호  남강빌딩', '일식', '회', '청담동', '234424451'),
(3020000, 2015, '광(히카리)', '서울특별시 용산구 한강대로 54 12층 (한강로3가)', '서울특별시 용산구 한강로3가  57번지  12층', '일식', '사시미', '한강로동', '02 7496562'),
(3130000, 2016, '광남수사', '서울특별시 마포구 마포대로8안길 18 (공덕동 지상1층지하1층)', '서울특별시 마포구 공덕동  249번지 50호  지상1층지하1층', '일식', '', '공덕동', '715 5747'),
(3220000, 2016, '광양불고기', '서울특별시 강남구 삼성로 529 지상12층 (삼성동)', '서울특별시 강남구 삼성동  128번지 3호  지상12층', '한식', '꽃등심', '삼성2동', ''),
(3220000, 2019, '광양불고기 수서', '서울특별시 강남구 광평로56길 10 지상1층 (수서동)', '서울특별시 강남구 수서동  726번지  ', '한식', '불고기정식 광양불고기', '수서동', '02  415 9293'),
(3020000, 2018, '교동짬뽕', '서울특별시 용산구 후암로 107 (동자동게이트웨이타워 1층 103(B))', '서울특별시 용산구 동자동  12번지  게이트웨이타워 1층 103(B)', '한식', '교동짬뽕', '남영동', '02 7274080'),
(3220000, 2014, '교토', '서울특별시 강남구 도곡로 111 지하1층 (역삼동 미진빌딩)', '서울특별시 강남구 역삼동  838번지 11호  미진빌딩 지하1층', '일식', '회 탕', '역삼1동', '25587733'),
(3230000, 2020, '구구갈비', '서울특별시 송파구 오금로 152 지상1층 (송파동)', '서울특별시 송파구 송파동  48번지 13호  지상1층', '한식', '짬뽕', '송파1동', '02  4231592'),
(3220000, 2010, '구레스시', '서울특별시 강남구 강남대로 390 (역삼동)', '서울특별시 강남구 역삼동  825번지 0호  ', '일식', '초밥', '역삼1동', '2'),
(3230000, 2010, '구이본가 황포돛배', '서울특별시 송파구 올림픽로32길 22-20 지상1층 (방이동)', '서울특별시 송파구 방이동  63번지 9호  지상1층', '한식', '갈매기살', '방이2동', '02 4223393'),
(3220000, 2016, '국대오리 일원점', '서울특별시 강남구 일원로 127 지하1층 108호 (일원동 가람아파트 상가)', '서울특별시 강남구 일원동  735번지  ', '한식', '오리고기', '일원1동', ''),
(3220000, 2016, '국빈', '서울특별시 강남구 논현로30길 32 (도곡동1층)', '서울특별시 강남구 도곡동  517번지 5호  1층', '중국식', '자장면', '도곡1동', ''),
(3230000, 2009, '군산오징어', '서울특별시 송파구 삼학사로 101 (삼전동 지상 123층)', '서울특별시 송파구 삼전동  130번지 14호  지상 123층', '한식', '오징어불고기', '삼전동', '02  413 2046'),
(3220000, 2010, '군산회집', '서울특별시 강남구 영동대로 341 (대치동지상12층)', '서울특별시 강남구 대치동  968번지 2호  지상12층', '일식', '회', '대치2동', '205571843'),
(3130000, 2016, '군자네', '서울특별시 마포구 대흥로 53 (대흥동1층)', '서울특별시 마포구 대흥동  337번지 62호  1층', '한식', '', '용강동', '02706 5454'),
(3020000, 2019, '굿모닝가족', '서울특별시 용산구 한강대로 92 (한강로2가국제빌딩 아케이드 지하1층)', '서울특별시 용산구 한강로2가  191번지  국제빌딩 아케이드 지하1층', '한식', '원조현미비빔밥', '한강로동', '7088614444'),
(3000000, 2007, '궁나라냉면.묵밥', '서울특별시 종로구 지봉로12길 6 1층 (숭인동)', '서울특별시 종로구 숭인동  56번지 38호  ', '한식', '냉면묵밥', '숭인제1동', '02744 4701'),
(3020000, 2017, '귀품찬국밥과해장국', '서울특별시 용산구 한강대로 328 1층 (갈월동)', '서울특별시 용산구 갈월동  10번지 3호  ', '한식', '국밥해장국', '남영동', '02 7739882'),
(3220000, 2010, '그랑아', '서울특별시 강남구 봉은사로 130 (역삼동)', '서울특별시 강남구 역삼동  603번지 0호  ', '경양식', '피자', '역삼1동', '02 5671101'),
(3220000, 2016, '그랜드마오', '서울특별시 강남구 영동대로 513 지하1층 i101호 (삼성동 기존컨벤션센터)', '서울특별시 강남구 삼성동  159번지  ', '한식', '중식', '삼성1동', ''),
(3230000, 2007, '그램그램 올림픽공원 방이점', '서울특별시 송파구 백제고분로50길 12 지상1층 (방이동)', '서울특별시 송파구 방이동  154번지 0호  지상1층', '한식', '숯불소고기구이', '방이1동', '02 4249279'),
(3230000, 2007, '그램그램 천호역점', '서울특별시 송파구 올림픽로 613 지상1층 (풍납동)', '서울특별시 송파구 풍납동  480번지 1호  지상1층', '한식', '소고기', '풍납1동', '02   4779279'),
(3220000, 2019, '그림나베 학동역점', '서울특별시 강남구 논현로132길 29 1층 (논현동)', '서울특별시 강남구 논현동  85번지 1호  ', '일식', '스키야키밀푀유나베', '논현1동', ''),
(3230000, 2007, '근사한 고기 Anyses', '서울특별시 송파구 중대로23길 15 지상1층 101-B호 (가락동)', '서울특별시 송파구 가락동  11번지 1호  지상1층 101-B호', '한식', '댓잎갈비', '가락본동', '02 4060066'),
(3230000, 2007, '금강산 감자탕 마천점', '서울특별시 송파구 성내천로 236 (마천동)', '서울특별시 송파구 마천동  573번지 0호  ', '한식', '돼지갈비', '마천1동', '234018181'),
(3220000, 2013, '금강수림', '서울특별시 강남구 강남대로 240 (도곡동양재SK허브프리모 지하2층)', '서울특별시 강남구 도곡동  953번지 1호  양재SK허브프리모 지하2층', '한식', '장어', '도곡1동', '25779992'),
(3220000, 2016, '금강식당', '서울특별시 강남구 봉은사로30길 62 (역삼동영우빌딩1층)', '서울특별시 강남구 역삼동  668번지 8호  영우빌딩1층', '경양식', '한우등심구이', '역삼1동', ''),
(3220000, 2010, '금문도', '서울특별시 강남구 강남대로94길 21 지하1층 (역삼동)', '서울특별시 강남구 역삼동  818번지 8호  ', '중국식', '자장면', '역삼1동', '02 5679289'),
(3230000, 2007, '금바위감자탕', '서울특별시 송파구 중대로 120 (가락동(11))', '서울특별시 송파구 가락동  112번지 8호  (11)', '한식', '감자탕', '가락본동', '02 4043161'),
(3220000, 2017, '금수복국 압구정점', '서울특별시 강남구 언주로 821 지상23층 (신사동)', '서울특별시 강남구 신사동  627번지 13호  ', '한식', '복요리', '신사동', '02  542 5482'),
(3020000, 2021, '금은돈', '서울특별시 용산구 한강대로14가길 14 1층 (한강로3가)', '서울특별시 용산구 한강로3가  65번지 180호  ', '한식', '금돈삼겹살', '한강로동', ''),
(3130000, 2011, '금이네부대찌개', '서울특별시 마포구 마포대로12길 53-1 (공덕동)', '서울특별시 마포구 공덕동  242번지 54호  ', '한식', '부대찌개', '공덕동', ''),
(3000000, 2007, '금해 복집', '서울특별시 종로구 진흥로 461 12층 (구기동)', '서울특별시 종로구 구기동  67번지 19호  ', '일식', '활지리', '평창동', '02 3955656'),
(3020000, 2020, '금홍', '서울특별시 용산구 서빙고로 17 1층 32호 (한강로3가)', '서울특별시 용산구 한강로3가  63번지 70호  ', '중국식', '유린기', '한강로동', '02 7960995'),
(3220000, 2017, '금홍짬뽕', '서울특별시 강남구 논현로149길 35 (논현동)', '서울특별시 강남구 논현동  10번지 5호  ', '중국식', '중국음식', '논현1동', ''),
(3020000, 2015, '기와', '서울특별시 용산구 한강대로21나길 40 (한강로3가 40-712 지상1층)', '서울특별시 용산구 한강로3가  40번지 712호  지상1층', '한식', '한정식', '한강로동', '02  710 7777'),
(3220000, 2017, '길농원', '서울특별시 강남구 테헤란로108길 28 지상1 2층 (대치동)', '서울특별시 강남구 대치동  1000번지 6호  지상1층 2층', '한식', '한식', '대치1동', '02  552 9586'),
(3020000, 2016, '길농원훈제바베큐', '서울특별시 용산구 원효로 71 (원효로4가(지상1층))', '서울특별시 용산구 원효로4가  125번지 1호  (지상1층)', '호프/통닭', '훈제오리', '원효로제2동', '02 7196668'),
(3000000, 2008, '김가네대청마루', '서울특별시 종로구 인사동4길 17 (경운동)', '서울특별시 종로구 경운동  47번지 1호  ', '한식', '돼지갈비', '종로1.2.3.4가동', '02 7331338'),
(3220000, 2014, '김명자 낙지마당개포점', '서울특별시 강남구 논현로 56 (개포동지상1층)', '서울특별시 강남구 개포동  1228번지 4호  지상1층', '한식', '낙지요리', '개포4동', '02  579 7001'),
(3020000, 2018, '김명자굴국밥전문점', '서울특별시 용산구 후암로 107 (동자동케이트웨이타워 1층 104(B))', '서울특별시 용산구 동자동  12번지  케이트웨이타워 1층 104(B)', '한식', '굴국밥', '남영동', '02 7274300'),
(3130000, 2015, '김박사손칼국수', '서울특별시 마포구 토정로 307 (용강동)', '서울특별시 마포구 용강동  43번지 5호  ', '한식', '칼국수', '용강동', '02 7142245'),
(3220000, 2010, '김셰프의 도시어부', '서울특별시 강남구 테헤란로 614 (대치동)', '서울특별시 강남구 대치동  996번지 0호  ', '일식', '생선회', '대치2동', '205643377'),
(3220000, 2010, '김수사', '서울특별시 강남구 도산대로 132 (논현동)', '서울특별시 강남구 논현동  4번지 19호  ', '일식', '', '논현1동', '205475221'),
(3230000, 2007, '김씨(C)네', '서울특별시 송파구 거마로 17 (거여동)', '서울특별시 송파구 거여동  174번지 3호  ', '한식', '순두부 돌솥밥', '거여2동', '02 4038592'),
(3130000, 2008, '김앤김대게', '서울특별시 마포구 양화로 100 (서교동 3층)', '서울특별시 마포구 서교동  372번지 1호  ', '한식', '킹크랩', '서교동', '3336659'),
(3130000, 2010, '김앤김대게공덕점', '서울특별시 마포구 마포대로 109 (공덕동 롯데캐슬 지하2층 201호)', '서울특별시 마포구 공덕동  467번지  ', '한식', '등심구이', '공덕동', ''),
(3220000, 2016, '김영희 강남동태찜 자곡점', '서울특별시 강남구 자곡로 201 강남 더샵 라르고 지상1층 101호102호일부104호 (자곡동)', '서울특별시 강남구 자곡동  596번지  강남 더샵 라르고', '한식', '동태찜', '세곡동', '02  459 5227'),
(3230000, 2009, '김영희강남동태찜(본점)', '서울특별시 송파구 삼전로 87 (잠실동1층2층)', '서울특별시 송파구 잠실동  252번지 8호  1층2층', '한식', '동태찜 코다리', '잠실본동', '02 4225008'),
(3220000, 2017, '김태준의 탕탕집', '서울특별시 강남구 학동로4길 12 12층 (논현동)', '서울특별시 강남구 논현동  141번지 15호  ', '한식', '설렁탕', '논현1동', '25113235'),
(3230000, 2008, '깐부치킨', '서울특별시 송파구 백제고분로7길 19 (잠실동)', '서울특별시 송파구 잠실동  179번지 3호  ', '한식', '', '잠실본동', '02 4188181'),
(3230000, 2016, '꼼떼(commtte)', '서울특별시 송파구 중대로 322 지상1층 (오금동)', '서울특별시 송파구 오금동  95번지  지상1층', '한식', '한우 돼지갈비', '오금동', '02 4432001'),
(3220000, 2019, '꽃보다 황태', '서울특별시 강남구 논현로28길 20 지상12층 (도곡동)', '서울특별시 강남구 도곡동  424번지 5호  ', '한식', '코다리찜황태탕', '도곡1동', '02  573 9290'),
(3220000, 2016, '꽃새우 영번지', '서울특별시 강남구 언주로 536 (역삼동1층)', '서울특별시 강남구 역삼동  689번지 6호  1층', '한식', '새우구이', '역삼1동', ''),
(3220000, 2010, '나구야', '서울특별시 강남구 역삼로 217 (역삼동)', '서울특별시 강남구 역삼동  733번지 26호  ', '한식', '장어요리', '역삼2동', '205622446'),
(3130000, 2009, '나루터', '서울특별시 마포구 마포대로4길 32-4 (도화동)', '서울특별시 마포구 도화동  59번지 0호  ', '한식', '한정식', '도화동', '02 7165292'),
(3020000, 2020, '나리의집', '서울특별시 용산구 이태원로 245 (한남동 738-24 지상1층)', '서울특별시 용산구 한남동  738번지 24호  지상1층', '한식', '삼겹살', '한남동', '02 7934860'),
(3000000, 2010, '나무향기', '서울특별시 종로구 세종대로23길 47 1층 108호 (당주동)', '서울특별시 종로구 당주동  145번지  ', '한식', '오리통삼겹 장작구이', '사직동', '02  723 8981'),
(3230000, 2007, '나미', '서울특별시 송파구 올림픽로43길 88 (풍납동)', '서울특별시 송파구 풍납동  388번지 1호  ', '일식', '탕구이', '풍납2동', '230106181'),
(3230000, 2016, '나살던고향', '서울특별시 송파구 백제고분로7길 24-7 (잠실동)', '서울특별시 송파구 잠실동  190번지 1호  ', '호프/통닭', '식사 전류', '잠실본동', '02 4167331'),
(3020000, 2016, '나주곰탕', '서울특별시 용산구 한강대로 144 (한강로2가 93-3 지상1층)', '서울특별시 용산구 한강로2가  93번지 3호  지상1층', '한식', '곰탕', '한강로동', '02  794 5292'),
(3130000, 2017, '나주곰탕&오우돈', '서울특별시 마포구 신촌로18길 19 (노고산동 1층)', '서울특별시 마포구 노고산동  57번지 34호  ', '한식', '곰탕', '대흥동', ''),
(3220000, 2011, '나주곰탕우정집', '서울특별시 강남구 강남대로94길 57 (역삼동지상1층)', '서울특별시 강남구 역삼동  636번지 16호  지상1층', '한식', '곰탕', '역삼1동', '5667247'),
(3230000, 2016, '낙지세상', '서울특별시 송파구 동남로18길 37 지상1층 (가락동)', '서울특별시 송파구 가락동  189번지 26호  지상1층', '한식', '낙지', '가락본동', '02 4034081'),
(3220000, 2016, '난랑', '서울특별시 강남구 논현로132길 13 (논현동)', '서울특별시 강남구 논현동  86번지 5호  ', '중국식', '자장면', '논현2동', '02 5492888'),
(3000000, 2015, '남대문막내횟집', '서울특별시 종로구 우정국로 4-1 (관철동)', '서울특별시 종로구 관철동  263번지 0호  ', '일식', '회', '종로1.2.3.4가동', '02 7348653'),
(3220000, 2010, '남도랑', '서울특별시 강남구 역삼로5길 5 (역삼동지상1층)', '서울특별시 강남구 역삼동  830번지 22호  지상1층', '한식', '한우등심', '역삼1동', ''),
(3220000, 2019, '남도사계고운님', '서울특별시 강남구 삼성로81길 22 한정빌딩 지상2층 (대치동)', '서울특별시 강남구 대치동  894번지 5호  한정빌딩', '한식', '도다리전어생굴', '대치1동', '02  562 9292'),
(3230000, 2016, '남도자연밥상', '서울특별시 송파구 백제고분로21길 38 1층2층 (삼전동 금강빌딩)', '서울특별시 송파구 삼전동  17번지  금강빌딩 1층2층', '한식', '한정식', '삼전동', '263691500'),
(3020000, 2001, '남산한정식', '서울특별시 용산구 회나무로44길 40 (이태원동(지하1층))', '서울특별시 용산구 이태원동  243번지 42호  (지하1층)', '한식', '불고기', '이태원제1동', '02 7979835'),
(3220000, 2010, '남산희래등', '서울특별시 강남구 역삼로 453 (대치동)', '서울특별시 강남구 대치동  903번지 3호  ', '중국식', '탕수육', '대치4동', '02 5625296'),
(3220000, 2010, '남서울민물장어', '서울특별시 강남구 봉은사로 137 (논현동)', '서울특별시 강남구 논현동  204번지 3호  ', '한식', '장어구이', '논현1동', '02 5441010'),
(3220000, 2016, '남순남순대', '서울특별시 강남구 도곡로4길 12 (도곡동)', '서울특별시 강남구 도곡동  945번지 2호  ', '한식', '순대국밥', '도곡1동', '02  574 3227'),
(3230000, 2012, '남원명가 추어탕', '서울특별시 송파구 오금로 216 지상1층 (송파동)', '서울특별시 송파구 송파동  147번지 5호  지상1층', '분식', '한우 등심', '송파2동', '02 5496636'),
(3230000, 2007, '남원월매추어탕', '서울특별시 송파구 백제고분로40길 4-3 (석촌동)', '서울특별시 송파구 석촌동  284번지 3호  ', '한식', '추어탕', '석촌동', '02  417 2020'),
(3230000, 2019, '남원추어탕', '서울특별시 송파구 백제고분로41길 41 (송파동)', '서울특별시 송파구 송파동  8번지 3호  ', '한식', '추어탕', '송파1동', '02 2028305'),
(3130000, 2006, '남촌집', '서울특별시 마포구 토정로35길 12 (용강동)', '서울특별시 마포구 용강동  39번지 1호  ', '한식', '주물럭', '용강동', '02 7159090'),
(3220000, 2010, '남포면옥', '서울특별시 강남구 학동로 231 (논현동)', '서울특별시 강남구 논현동  89번지 10호  ', '한식', '갈비어복쟁반', '논현2동', '02 5402596'),
(3230000, 2014, '남한강다슬기해장국', '서울특별시 송파구 오금로 144 지상1층 (송파동)', '서울특별시 송파구 송파동  59번지 10호  지상1층', '한식', '올갱이해장국', '송파1동', '02 4172786'),
(3230000, 2008, '내고향횡성한우', '서울특별시 송파구 오금로 113 (방이동석촌시티빌딩 지상1층)', '서울특별시 송파구 방이동  66번지 3호  석촌시티빌딩 지상1층', '한식', '한우소고기', '방이1동', '02 4158080'),
(3230000, 2008, '내꾸미 쭈꾸미', '서울특별시 송파구 성내천로 106 지상1층 (오금동)', '서울특별시 송파구 오금동  144번지 2호  지상1층', '한식', '쭈구미볶음', '오금동', '02 4436969'),
(3220000, 2010, '내림손 삼계탕', '서울특별시 강남구 논현로 428 (역삼동지상1층)', '서울특별시 강남구 역삼동  726번지 15호  지상1층', '한식', '삼계탕', '역삼2동', '02 5547266'),
(3130000, 2016, '냉면&칼국수전문Since1966율촌', '서울특별시 마포구 와우산로 100 (서교동지하1층)', '서울특별시 마포구 서교동  338번지 18호  지하1층', '호프/통닭', '', '서교동', ''),
(3230000, 2007, '노랑통닭 가락본점', '서울특별시 송파구 송파대로30길 19 (가락동1층)', '서울특별시 송파구 가락동  82번지 1호  1층', '한식', '설렁탕', '가락본동', ''),
(3130000, 2020, '노하우21', '서울특별시 마포구 백범로1길 8 (노고산동1층)', '서울특별시 마포구 노고산동  31번지 77호  1층', '호프/통닭', '뼈해장국', '대흥동', '02 7178915'),
(3220000, 2010, '논골집', '서울특별시 강남구 논현로12길 16 (개포동지상1층)', '서울특별시 강남구 개포동  1197번지  지상1층', '한식', '', '개포4동', '234617071'),
(3230000, 2007, '논현삼계탕', '서울특별시 송파구 백제고분로 409 1층 (송파동)', '서울특별시 송파구 송파동  20번지 9호  ', '한식', '삼계탕', '송파1동', '02 4183377'),
(3220000, 2010, '놀부보쌈 삼성역점', '서울특별시 강남구 영동대로85길 7 (대치동)', '서울특별시 강남구 대치동  947번지 1호  ', '한식', '보쌈', '대치2동', '02 5573848'),
(3220000, 2014, '놀부부대강남시티점', '서울특별시 강남구 테헤란로1길 40 (역삼동지상1층)', '서울특별시 강남구 역삼동  619번지 26호  지상1층', '한식', '부대찌개', '역삼1동', '5587564'),
(3130000, 2008, '놀부부대찌개', '서울특별시 마포구 월드컵북로 396 (상암동누리꿈스퀘어 B1034호- B1036호)', '서울특별시 마포구 상암동  1605번지  누리꿈스퀘어 B1034호- B1036호', '한식', '부대찌개', '상암동', '02  21328787'),
(3230000, 2007, '놀부유황오리 진흙구이 잠실점', '서울특별시 송파구 오금로 131 지상12층 (방이동)', '서울특별시 송파구 방이동  109번지 10호  지상12층', '한식', '보쌈', '방이1동', '02 4165461'),
(3230000, 2010, '농부의 꿈', '서울특별시 송파구 양재대로71길 4-12 (방이동지상1층)', '서울특별시 송파구 방이동  185번지 13호  지상1층', '한식', '삼겹살구이 부대찌개', '방이1동', '02 4161233'),
(3230000, 2020, '누엣골', '서울특별시 송파구 올림픽로 240 (잠실동 롯데월드)', '서울특별시 송파구 잠실동  40번지 1호  롯데월드', '한식', '덮밥비빔밥', '잠실3동', '02 4112000'),
(3000000, 2007, '눈나무집', '서울특별시 종로구 삼청로 136-1 123층 (삼청동)', '서울특별시 종로구 삼청동  20번지 8호  ', '한식', '떡갈비김치말이국수', '삼청동', '02 7396742'),
(3000000, 2007, '뉘조', '서울특별시 종로구 인사동14길 27 1층 (관훈동)', '서울특별시 종로구 관훈동  84번지 13호  ', '한식', '한정식', '종로1.2.3.4가동', '02 7309311'),
(3220000, 2010, '뉴욕바닷가재청담점', '서울특별시 강남구 선릉로152길 5 (청담동지상1층)', '서울특별시 강남구 청담동  85번지 6호  지상1층', '분식', '바닷가재', '청담동', '02 5470023'),
(3230000, 2018, '느티나무집', '서울특별시 송파구 동남로6길 3-7 1층 (문정동)', '서울특별시 송파구 문정동  29번지 8호  ', '한식', '칼국수샤브샤브', '문정1동', '02 4078488'),
(3000000, 2016, '늘마중', '서울특별시 종로구 인사동8길 16-1 (관훈동)', '서울특별시 종로구 관훈동  29번지  ', '한식', '한정식', '종로1.2.3.4가동', '02 7302985'),
(3230000, 2018, '늘솜한식', '서울특별시 송파구 송파대로 201 송파 테라타워2 A동 지층 113호 114호 (문정동)', '서울특별시 송파구 문정동  642번지  송파 테라타워2', '한식', '한식부페', '문정2동', '02 8815196'),
(3220000, 2016, '능라도', '서울특별시 강남구 언주로107길 7 1층 102호 (역삼동)', '서울특별시 강남구 역삼동  655번지 12호  ', '기타', '평양냉면', '역삼1동', ''),
(3220000, 2016, '니뽕내뽕(코엑스점)', '서울특별시 강남구 영동대로 513 컨벤션센타동 지하1층 H117호 (삼성동 코엑스몰)', '서울특별시 강남구 삼성동  159번지  ', '중국식', '자장면짬뽕', '삼성1동', '02  60025151'),
(3230000, 2007, '다가마 통닭', '서울특별시 송파구 중대로9길 26 (가락동)', '서울특별시 송파구 가락동  82번지 4호  ', '한식', '낙지수제비', '가락본동', '02 4060136'),
(3000000, 2014, '다솔', '서울특별시 종로구 종로5길 68 지하1층 (수송동)', '서울특별시 종로구 수송동  80번지  지하1층', '한식', '', '종로1.2.3.4가동', ''),
(3020000, 2012, '다채', '서울특별시 용산구 녹사평대로 66 (동빙고동상가동2345호(지하3층))', '서울특별시 용산구 동빙고동  316번지  상가동2345호(지하3층)', '한식', '쌈밥정식', '서빙고동', '02 7929233'),
(3020000, 2016, '단비', '서울특별시 용산구 한남대로20길 21-12 1층 (한남동)', '서울특별시 용산구 한남동  68번지 26호  ', '한식', '한정식', '한남동', '02 7978375'),
(3220000, 2015, '단스시(논현점)', '서울특별시 강남구 언주로 652 (논현동지상2층)', '서울특별시 강남구 논현동  238번지 0호  지상2층', '일식', '초밥', '논현2동', '234451114'),
(3230000, 2008, '달그닭', '서울특별시 송파구 오금로11길 54 지상1층 (방이동)', '서울특별시 송파구 방이동  55번지 3호  지상1층', '한식', '', '방이2동', '02 4188964'),
(3230000, 2008, '닭누리정', '서울특별시 송파구 중대로20길 28 지상1층 (가락동)', '서울특별시 송파구 가락동  154번지 15호  지상1층', '한식', '', '가락2동', '02 4201254'),
(3220000, 2016, '닭으로 가 삼성코엑스점', '서울특별시 강남구 테헤란로83길 51 (삼성동지상1층)', '서울특별시 강남구 삼성동  152번지 59호  지상1층', '호프/통닭', '닭갈비', '삼성1동', '5617398'),
(3230000, 2007, '담소 소사골 순대 육개장 방이점', '서울특별시 송파구 오금로11길 8 지상1층 (방이동)', '서울특별시 송파구 방이동  64번지 11호  지상1층', '기타', '참치회', '방이2동', '02 4213737'),
(3220000, 2010, '담원', '서울특별시 강남구 테헤란로78길 14-6 (대치동지상12층)', '서울특별시 강남구 대치동  891번지 61호  지상12층', '한식', '샤브샤브', '대치4동', '02 5571661'),
(3230000, 2008, '담은갈비', '서울특별시 송파구 삼전로 93 지상1층 (잠실동)', '서울특별시 송파구 잠실동  252번지 1호  지상1층', '한식', '갈비', '잠실본동', '02 4238053'),
(3020000, 2016, '담쟁이', '서울특별시 용산구 한강대로76길 11-8 (남영동(지상1층))', '서울특별시 용산구 남영동  100번지 4호  (지상1층)', '기타', '전복삼계탕', '남영동', '02 7979288'),
(3220000, 2016, '당나라', '서울특별시 강남구 테헤란로83길 42 지하1층 (삼성동)', '서울특별시 강남구 삼성동  153번지 19호  ', '중국식', '탕수육', '삼성1동', ''),
(3000000, 2019, '대가곱창', '서울특별시 종로구 명륜길 53 (명륜3가(지상1층))', '서울특별시 종로구 명륜3가  1번지 1143호  (지상1층)', '한식', '곱창 막창', '혜화동', '236751857'),
(3220000, 2013, '대가방', '서울특별시 강남구 논현로175길 64 (신사동지상1층)', '서울특별시 강남구 신사동  549번지 8호  지상1층', '중국식', '면 튀김류', '신사동', ''),
(3130000, 2020, '대가설렁탕', '서울특별시 마포구 신촌로 254 12층 (아현동)', '서울특별시 마포구 아현동  331번지 6호  ', '기타', '설렁탕', '아현동', ''),
(3220000, 2016, '대가참맛', '서울특별시 강남구 선릉로92길 42 (삼성동)', '서울특별시 강남구 삼성동  142번지 27호  ', '한식', '청국장', '삼성2동', '02 5569967'),
(3230000, 2010, '대경미담', '서울특별시 송파구 중대로 56 (문정동지상1층)', '서울특별시 송파구 문정동  150번지 4호  지상1층', '한식', '돼지갈비', '문정1동', '02 4075989'),
(3220000, 2016, '대도식당', '서울특별시 강남구 삼성로 545 123층 (삼성동)', '서울특별시 강남구 삼성동  127번지 3호  ', '한식', '한구 구이', '삼성1동', '5612283'),
(3000000, 2012, '대륙', '서울특별시 종로구 종로 127-2 (종로3가지하1층)', '서울특별시 종로구 종로3가  20번지  지하1층', '경양식', '자장면', '종로1.2.3.4가동', '02 7637172'),
(3220000, 2019, '대봉집', '서울특별시 강남구 압구정로2길 57 지하1지상1층 (신사동)', '서울특별시 강남구 신사동  516번지 18호  ', '한식', '삼겹살', '신사동', ''),
(3230000, 2016, '대서양', '서울특별시 송파구 백제고분로9길 9 지상1층 (잠실동)', '서울특별시 송파구 잠실동  194번지 1호  유성빌딩', '한식', '보쌈', '잠실본동', '02  417 2888'),
(3230000, 2008, '대성연탄갈비', '서울특별시 송파구 올림픽로32길 19-8 지상1층 (방이동)', '서울특별시 송파구 방이동  60번지 7호  지상1층', '일식', '', '방이1동', '02  423 3888'),
(3000000, 2017, '대송', '서울특별시 종로구 자하문로 34 (통의동)', '서울특별시 종로구 통의동  105번지  ', '일식', '', '사직동', '02 7320317'),
(3220000, 2011, '대우식당', '서울특별시 강남구 테헤란로25길 34 (역삼동지상1층)', '서울특별시 강남구 역삼동  641번지 18호  지상1층', '분식', '부대찌개', '역삼1동', '02 5537118'),
(3020000, 2001, '대우정', '서울특별시 용산구 후암로57길 7 (동자동(지상12층))', '서울특별시 용산구 동자동  10번지 4호  (지상12층)', '한식', '소고기김치전골', '남영동', '02 7529685'),
(3230000, 2019, '대장금 롯데월드몰', '서울특별시 송파구 올림픽로 300 캐주얼동 5층 (신천동)', '서울특별시 송파구 신천동  29번지 캐주얼 5층', '한식', '갈비찜', '잠실6동', '02  32134534'),
(3220000, 2010, '대청가든', '서울특별시 강남구 개포로 623 (개포동미씨860오피스텔1층122호)', '서울특별시 강남구 개포동  13번지 3호  미씨860오피스텔1층122호', '한식', '한우', '일원2동', '234135566'),
(3220000, 2016, '대청뼈다귀감자탕', '서울특별시 강남구 일원로9길 26 (일원동지상1층)', '서울특별시 강남구 일원동  666번지 2호  지상1층', '한식', '뼈다귀 감자탕', '일원1동', '02  445 6404'),
(3220000, 2014, '대치골한우곱창', '서울특별시 강남구 선릉로64길 11-5 지상1층 (대치동)', '서울특별시 강남구 대치동  922번지 17호  ', '한식', '곱창', '대치4동', '5081689'),
(3230000, 2015, '대패꽃 필무렵 삼전점', '서울특별시 송파구 삼학사로19길 7 지상1층 (삼전동)', '서울특별시 송파구 삼전동  128번지 1호  지상1층', '한식', '해물아구찜', '삼전동', '234318088'),
(3000000, 2009, '대평갈비', '서울특별시 종로구 평창문화로 83 지상23층 (평창동)', '서울특별시 종로구 평창동  153번지 1호  지상23층', '한식', '한방갈비탕', '평창동', '02 3955288'),
(3220000, 2010, '대한민국', '서울특별시 강남구 영동대로85길 17-5 지하1지상1~3층 (대치동)', '서울특별시 강남구 대치동  950번지 2호  ', '한식', '갈비탕', '대치1동', '02 5616320'),
(3230000, 2007, '대호갈비', '서울특별시 송파구 백제고분로 83 (잠실동)', '서울특별시 송파구 잠실동  196번지 4호  ', '한식', '돼지갈비', '잠실본동', '02 4232500'),
(3220000, 2016, '대흥정 엘에이 갈비', '서울특별시 강남구 광평로46길 5-4 지상1층 (수서동)', '서울특별시 강남구 수서동  448번지 4호  지상1층', '한식', '불고기', '수서동', ''),
(3020000, 2005, '댓잎갈비', '서울특별시 용산구 보광로 1 (보광동)', '서울특별시 용산구 보광동  123번지 2호  (지상12층)', '한식', '댓잎갈비', '보광동', '02 7963355'),
(3130000, 2018, '더 센다이', '서울특별시 마포구 큰우물로 75 지하1층 1819호 (도화동)', '서울특별시 마포구 도화동  538번지  지하1층 1819호', '한식', '생선회', '도화동', ''),
(3220000, 2016, '더 플레이스 코엑스점', '서울특별시 강남구 영동대로 513 지하1층 J102호 (삼성동 코엑스기존컨벤션센터)', '서울특별시 강남구 삼성동  159번지  ', '경양식', '피자 파스타', '삼성1동', ''),
(3220000, 2010, '더라운지', '서울특별시 강남구 테헤란로 606 (대치동지상2223층)', '서울특별시 강남구 대치동  995번지 14호  지상2223층', '경양식', '갈비 등', '대치2동', '02 5015487'),
(3000000, 2007, '더레스토랑', '서울특별시 종로구 삼청로 54 지하1지상12층 (소격동)', '서울특별시 종로구 소격동  48번지  ', '경양식', '스테이크', '삼청동', '02 7358441'),
(3000000, 2007, '더불어함께', '서울특별시 종로구 대명1길 24 (명륜4가)', '서울특별시 종로구 명륜4가  71번지 1호  ', '한식', '한정식', '혜화동', '02 7459383'),
(3220000, 2016, '더차이홍', '서울특별시 강남구 삼성로92길 23 (삼성동)', '서울특별시 강남구 삼성동  158번지 7호  ', '중국식', '자장면', '삼성1동', '02 5655514'),
(3220000, 2010, '더칼라', '서울특별시 강남구 영동대로 737 (청담동지상1층)', '서울특별시 강남구 청담동  53번지 7호  지상1층', '경양식', '뷔페', '청담동', '02 5413111'),
(3230000, 2008, '더컨벤션 교통회관', '서울특별시 송파구 올림픽로 319 (신천동)', '서울특별시 송파구 신천동  11번지 7호  ', '뷔페식', '', '잠실6동', '02 4143611'),
(3220000, 2010, '더팀버하우스', '서울특별시 강남구 테헤란로 606 (대치동지하2층)', '서울특별시 강남구 대치동  995번지 14호  지하2층', '경양식', '스시', '대치2동', '02 5015487'),
(3020000, 2011, '더함', '서울특별시 용산구 청파로47길 52 2층 201203호 (청파동2가)', '서울특별시 용산구 청파동2가  71번지 88호  2층 201호', '한식', '한정식', '청파동', '02 7073692'),
(3020000, 2021, '덕순루', '서울특별시 용산구 한강대로80길 11-3 (남영동)', '서울특별시 용산구 남영동  80번지 0호  (지상1층)', '중국식', '깐풍기', '남영동', '02 7936656'),
(3130000, 2008, '덕승루', '서울특별시 마포구 백범로1길 12 (노고산동 12층)', '서울특별시 마포구 노고산동  31번지 33호  ', '중국식', '자장면', '대흥동', '207158550'),
(3220000, 2010, '델마르', '서울특별시 강남구 언주로 640 (논현동지상1층)', '서울특별시 강남구 논현동  248번지 7호  지상1층', '경양식', '음료 및 차', '논현2동', '234408233'),
(3020000, 2019, '도깨비마당', '서울특별시 용산구 보광로 63 1층 (보광동)', '서울특별시 용산구 보광동  243번지 2호  새방샘터빌딩 1층', '한식', '소곱창구이', '보광동', '02 7909890'),
(3230000, 2012, '도니족발', '서울특별시 송파구 백제고분로41길 45 지상1층 (송파동)', '서울특별시 송파구 송파동  7번지 12호  (1층)', '한식', '고기구이', '송파2동', '02 4218576'),
(3020000, 2001, '도마에', '서울특별시 용산구 청파로45길 9 지상1층 (청파동3가)', '서울특별시 용산구 청파동3가  24번지 44호  지상1층', '일식', '초밥 스시', '청파동', '02 7126688'),
(3220000, 2016, '도모다찌', '서울특별시 강남구 영동대로 513 지하1층 L101호 (삼성동 코엑스몰)', '서울특별시 강남구 삼성동  159번지  지하1층', '경양식', '돈가스 초밥', '삼성1동', '02 6126002'),
(3020000, 2021, '독도참치', '서울특별시 용산구 대사관로 78 (한남동(지상1층))', '서울특별시 용산구 한남동  80번지 1호  (지상1층)', '한식', '참치회', '한남동', '02 7907895'),
(3230000, 2020, '돈가네(잠실점)', '서울특별시 송파구 백제고분로12길 4-5 (잠실동지상1층)', '서울특별시 송파구 잠실동  295번지 11호  지상1층', '한식', '삼겹살', '잠실본동', '02 4189289'),
(3230000, 2010, '돈까스의집', '서울특별시 송파구 삼전로 100 지상1층 101102호 (삼전동)', '서울특별시 송파구 삼전동  1번지 3호  지상1층 101102호', '분식', '돈까스', '삼전동', '02 4135182'),
(3020000, 2010, '돈까스잔치', '서울특별시 용산구 서빙고로 297 1층 (동빙고동)', '서울특별시 용산구 동빙고동  94번지  1층', '한식', '돈까스', '서빙고동', '02 7969969'),
(3020000, 2018, '돈에뜰', '서울특별시 용산구 한강대로40가길 39 지상12층 (한강로2가)', '서울특별시 용산구 한강로2가  47번지 1호  ', '한식', '삼겹살', '한강로동', '02 7935487'),
(3220000, 2010, '돈으로가', '서울특별시 강남구 언주로172길 55 지상2층 (신사동)', '서울특별시 강남구 신사동  662번지 6호  ', '경양식', '곱창 부대찌개', '신사동', '02 5174433'),
(3230000, 2008, '돈족골', '서울특별시 송파구 삼학사로 66 (석촌동)', '서울특별시 송파구 석촌동  14번지 6호  ', '한식', '', '석촌동', '02 4165252'),
(3020000, 2018, '돈치고메', '서울특별시 용산구 후암로 107 1층 (동자동 게이트웨이타워)', '서울특별시 용산구 동자동  12번지  1층 게이트웨이타워', '한식', '퓨전한식부페', '남영동', '02 7770201'),
(3020000, 2020, '돈치앤', '서울특별시 용산구 효창원로66길 7-8 (효창동(지상1층))', '서울특별시 용산구 효창동  5번지 506호  (지상1층)', '경양식', '돈까스', '효창동', ''),
(3130000, 2007, '돌쇠풍천민물장어', '서울특별시 마포구 월드컵로 87 (망원동 마포로얄프라자 201~203호)', '서울특별시 마포구 망원동  377번지 1호  ', '한식', '보쌈', '망원제1동', '02 3229197'),
(3220000, 2010, '동경', '서울특별시 강남구 영동대로 513 지하1층 J108호 (삼성동 코엑스몰 )', '서울특별시 강남구 삼성동  159번지 1호  코엑스몰 J198', '분식', '돈까스', '삼성1동', '260026460'),
(3020000, 2019, '동대문닭한마리', '서울특별시 용산구 한강대로104길 20 지상1층 (동자동)', '서울특별시 용산구 동자동  24번지 19호  지상1층', '한식', '닭한마리', '남영동', '02 7741002'),
(3020000, 2018, '동아냉면', '서울특별시 용산구 대사관로 45-1 (한남동(지상1층))', '서울특별시 용산구 한남동  657번지 43호  (지상1층)', '한식', '물냉면', '한남동', '02 7967442'),
(3130000, 2010, '동원참치', '서울특별시 마포구 마포대로 109 (공덕동지2층롯데캐슬B204호)', '서울특별시 마포구 공덕동  467번지  지2층롯데캐슬B204호', '일식', '참치회', '공덕동', ''),
(3020000, 2012, '동천홍', '서울특별시 용산구 두텁바위로 69 (후암동)', '서울특별시 용산구 후암동  254번지 35호  (지하1층지상1층)', '중국식', '중식코스', '후암동', '02 7797781'),
(3220000, 2010, '동천홍 역삼점', '서울특별시 강남구 도곡로1길 22 지상2층 (역삼동)', '서울특별시 강남구 역삼동  837번지 31호  지상2층', '일식', '자장면 짬뽕', '역삼1동', '02 5535711'),
(3220000, 2014, '동해', '서울특별시 강남구 논현로 48 지상1층 (개포동)', '서울특별시 강남구 개포동  1194번지 1호  지상1층', '한식', '자장면', '개포4동', ''),
(3130000, 2008, '동해물우리바다', '서울특별시 마포구 신촌로 74 (노고산동)', '서울특별시 마포구 노고산동  49번지 25호  ', '일식', '광어', '서교동', '02 3251211'),
(3020000, 2018, '동해오징어보쌈', '서울특별시 용산구 후암로35길 47 지상1층 (후암동)', '서울특별시 용산구 후암동  109번지  지상1층', '한식', '오징어보쌈', '후암동', '02 7533323'),
(3130000, 2019, '돼지구이백반', '서울특별시 마포구 동교로 240 (연남동1층)', '서울특별시 마포구 연남동  260번지 28호  1층', '한식', '돼지불백', '연남동', '02 3339921'),
(3220000, 2016, '돼지콧구멍', '서울특별시 강남구 학동로 106 (논현동)', '서울특별시 강남구 논현동  121번지  ', '한식', '삼겹살', '논현1동', '02  548 9757'),
(3000000, 2007, '된장예술과 술', '서울특별시 종로구 대학로11길 9-2 12층 (명륜4가)', '서울특별시 종로구 명륜4가  103번지 8호  ', '분식', '된장정식', '혜화동', '02 7454516'),
(3220000, 2017, '두껍삼 역삼직영점', '서울특별시 강남구 테헤란로8길 17 지상1 2 3층 (역삼동)', '서울특별시 강남구 역삼동  823번지 12호  ', '한식', '삼겹살', '역삼2동', ''),
(3000000, 2008, '두레유', '서울특별시 종로구 평창30길 28 (평창동)', '서울특별시 종로구 평창동  97번지  ', '경양식', '스테이크', '평창동', '232171090'),
(3220000, 2017, '두릉도원 북촌순두부', '서울특별시 강남구 학동로4길 15 1층 107108109호 (논현동 동화히스토리)', '서울특별시 강남구 논현동  122번지 8호  동화히스토리 1층', '한식', '순두부 보쌈', '논현1동', '02  565 2792'),
(3020000, 2014, '두바이(DUBAI)', '서울특별시 용산구 이태원로 192 (이태원동(지상2층))', '서울특별시 용산구 이태원동  127번지 2호  (지상2층)', '경양식', '양고기스테이크', '이태원제1동', '02 7989277'),
(3220000, 2017, '들녁', '서울특별시 강남구 영동대로114길 11 (삼성동)', '서울특별시 강남구 삼성동  91번지 22호  ', '한식', '양념갈비', '삼성1동', '2'),
(3000000, 2007, '들풀식당', '서울특별시 종로구 자하문로 118 (청운동)', '서울특별시 종로구 청운동  69번지  ', '한식', '한정식', '청운효자동', '02 7204323'),
(3220000, 2010, '등대', '서울특별시 강남구 영동대로 342 (대치동지상1층)', '서울특별시 강남구 대치동  1006번지 0호  지상1층', '한식', '복요리', '대치2동', '5620505'),
(3220000, 2017, '등잔불 아낙', '서울특별시 강남구 학동로20길 30 지상1층 101호 (논현동)', '서울특별시 강남구 논현동  134번지 9호  1층', '통닭(치킨)', '김치찜', '논현2동', '02  540 8292'),
(3230000, 2016, '등촌샤브샤브칼국수 잠실점', '서울특별시 송파구 삼전로12길 9 (삼전동)', '서울특별시 송파구 삼전동  16번지 6호  ', '한식', '샤브샤브칼국수', '삼전동', '02 4128463'),
(3230000, 2019, '등촌칼국수', '서울특별시 송파구 새말로8길 9 1층 101호 (문정동)', '서울특별시 송파구 문정동  77번지 8호  ', '기타', '칼국수', '문정1동', '02 4076222'),
(3020000, 2021, '디에스지(DSG)', '서울특별시 용산구 한강대로62길 26 1층1호 (한강로1가)', '서울특별시 용산구 한강로1가  231번지 23호  ', '한식', '전복갈비탕', '한강로동', ''),
(3020000, 2019, '딩호양육관', '서울특별시 용산구 원효로41길 15 1층 (원효로3가)', '서울특별시 용산구 원효로3가  37번지 2호  ', '한식', '양꼬치', '원효로제2동', '02 7126238'),
(3230000, 2007, '뚱가의정부부대찌게', '서울특별시 송파구 양재대로62길 42 (가락동)', '서울특별시 송파구 가락동  86번지 13호  ', '정종/대포집/소주방', '부대찌개', '가락본동', '02 4072883'),
(3220000, 2014, '뜰에서화로구이', '서울특별시 강남구 역삼로3길 8 지상1층 (역삼동)', '서울특별시 강남구 역삼동  830번지 27호  지상1층', '한식', '소돼지구이', '역삼1동', '02  571 3690'),
(3230000, 2017, '라그릴리아 현대시티몰 가든파이브점', '서울특별시 송파구 충민로 66 5층 (문정동 현대시티몰 가든파이브점)', '서울특별시 송파구 문정동  634번지  ', '경양식', '파스타스테이크', '문정1동', '226732505'),
(3220000, 2010, '라이라이', '서울특별시 강남구 일원로 28 지상2층 (일원동)', '서울특별시 강남구 일원동  615번지 1호  지상2층', '중국식', '탕수육 자장면', '일원본동', '234120008'),
(3230000, 2020, '라이스앤파스타', '서울특별시 송파구 올림픽로 300 캐주얼동 지하1층 (신천동)', '서울특별시 송파구 신천동  29번지 캐주얼 지하1층', '경양식', '스테이크 파스타', '잠실6동', '02  32134779'),
(3020000, 2001, '라쿠치나(주)세부유통', '서울특별시 용산구 회나무로44길 10 (이태원동)', '서울특별시 용산구 이태원동  258번지 7호  (지상1층.2층.3층)', '경양식', '스테이크', '이태원제1동', '02 7946005'),
(3130000, 2006, '램랜드', '서울특별시 마포구 토정로 255 1층 (용강동)', '서울특별시 마포구 용강동  494번지 32호  ', '한식', '양고기', '용강동', '02 7040223'),
(3220000, 2016, '랭돈', '서울특별시 강남구 테헤란로25길 15-5 지상1층 (역삼동)', '서울특별시 강남구 역삼동  644번지 7호  ', '기타', '김치찌개', '역삼1동', ''),
(3230000, 2016, '로사나', '서울특별시 송파구 삼학사로 98 지상2층 (석촌동)', '서울특별시 송파구 석촌동  1번지 7호  지상2층', '뷔페식', '뷔페', '석촌동', '221433000'),
(3220000, 2011, '로즈힐 강남파이낸스센터점', '서울특별시 강남구 테헤란로 152 (역삼동강남파이낸스센터 지하1층)', '서울특별시 강남구 역삼동  737번지 0호  강남파이낸스센터 지하1층', '한식', '한우구이', '역삼1동', '02 5082090'),
(3220000, 2016, '료마', '서울특별시 강남구 봉은사로2길 21 (역삼동지상1층지상2층)', '서울특별시 강남구 역삼동  810번지 5호  지상1층지상2층', '한식', '모듬초밥', '역삼1동', '02 5573392'),
(3220000, 2010, '루안', '서울특별시 강남구 논현로 430 (역삼동)', '서울특별시 강남구 역삼동  726번지  ', '중국식', '중국요리', '역삼2동', '02 5625566'),
(3220000, 2010, '루위', '서울특별시 강남구 도산대로 211 (신사동)', '서울특별시 강남구 신사동  587번지 14호  ', '한식', '자장면 탕수육', '압구정동', '2'),
(3020000, 2020, '루트(루트에브리데이)', '서울특별시 용산구 이태원로55가길 26-4 지상2층 (한남동)', '서울특별시 용산구 한남동  741번지 19호  지상2층', '경양식', '아보카도롤', '한남동', ''),
(3220000, 2016, '르사이공 코엑스몰점', '서울특별시 강남구 영동대로 513 지하1층 H104호 (삼성동 코엑스기존컨벤션센터)', '서울특별시 강남구 삼성동  159번지  코엑스 기존컨벤션센터 H104호', '중국식', '', '삼성1동', '02  5572366'),
(3220000, 2014, '리엔', '서울특별시 강남구 개포로28길 9 지상1층 (개포동)', '서울특별시 강남구 개포동  1214번지 18호  지상1층', '중국식', '자장면', '개포4동', '02 5764888'),
(3220000, 2017, '리틀사이공', '서울특별시 강남구 언주로174길 26 지상1층 (신사동)', '서울특별시 강남구 신사동  640번지 1호  ', '외국음식전문점(인도태국등)', '쌀국수', '신사동', ''),
(3020000, 2016, '마구로', '서울특별시 용산구 한강대로 271 (갈월동(지상2층))', '서울특별시 용산구 갈월동  92번지 14호  (지상2층)', '일식', '생선회', '남영동', '02  704 8006'),
(3020000, 2007, '마구로센', '서울특별시 용산구 대사관로31길 24 (한남동(지상1층))', '서울특별시 용산구 한남동  657번지 84호  (지상1층)', '일식', '생참치', '한남동', '02  792 1110'),
(3230000, 2007, '마당식당', '서울특별시 송파구 동남로8길 6 (문정동 청송하이츠빌)', '서울특별시 송파구 문정동  28번지 2호  청송하이츠빌', '한식', '고기(등심)', '문정1동', '02 4041315'),
(3020000, 2018, '마루', '서울특별시 용산구 녹사평대로32길 59 (이태원동(지상1층))', '서울특별시 용산구 이태원동  44번지 5호  (지상1층)', '한식', '한정식', '이태원제1동', '02 7495454'),
(3020000, 2015, '마루한정식', '서울특별시 용산구 백범로 341 (원효로1가지하1층(115~118호))', '서울특별시 용산구 원효로1가  133번지 3호  지하1층(115~118호)', '한식', '한정식', '원효로제1동', '02 7027003'),
(3220000, 2010, '마산아구찜', '서울특별시 강남구 남부순환로 2915 (대치동지상2층)', '서울특별시 강남구 대치동  628번지 0호  지상2층', '한식', '', '대치1동', '02 5562945'),
(3020000, 2012, '마산아구탕', '서울특별시 용산구 이촌로58길 12 (이촌동)', '서울특별시 용산구 이촌동  302번지 165호  ', '한식', '아구찜', '이촌제1동', '02 7958465'),
(3220000, 2010, '마산집', '서울특별시 강남구 강남대로152길 9 (신사동)', '서울특별시 강남구 신사동  512번지 20호  ', '한식', '한식', '신사동', '02 5447207'),
(3000000, 2012, '마실', '서울특별시 종로구 종로 384 (숭인동)', '서울특별시 종로구 숭인동  200번지 25호  ', '한식', '불고기', '숭인제1동', ''),
(3230000, 2007, '마싯소', '서울특별시 송파구 오금로11길 49 지상1층 101호 (방이동 보보스타워)', '서울특별시 송파구 방이동  47번지 13호  보보스타워 1층-101', '한식', '소고기', '방이2동', '02 4254200'),
(3020000, 2010, '마오', '서울특별시 용산구 회나무로 57 (이태원동(지상4층))', '서울특별시 용산구 이태원동  228번지 6호  (지상4층)', '중국식', '베이징덕', '이태원제1동', '02 793 8845'),
(3220000, 2010, '마쯔가제', '서울특별시 강남구 영동대로 511 (삼성동호텔오크우드프리미어지상3층)', '서울특별시 강남구 삼성동  159번지 0호  호텔오크우드프리미어지상3층', '일식', '생선회', '삼성1동', '02 5514893'),
(3220000, 2014, '마포갈비', '서울특별시 강남구 남부순환로361길 6 지상1층2층 (도곡동)', '서울특별시 강남구 도곡동  920번지 2호  ', '한식', '고기구이', '도곡2동', '234629955'),
(3130000, 2009, '마포나루(1호점)', '서울특별시 마포구 마포대로 68 (도화동마포아크로타워 지하0102호)', '서울특별시 마포구 도화동  563번지 0호  마포아크로타워 지하0102호', '한식', '돼지갈비', '공덕동', '02  711 5959'),
(3130000, 2006, '마포나루김치찌개', '서울특별시 마포구 마포대로12길 35 (공덕동지상1층지하1층)', '서울특별시 마포구 공덕동  242번지 38호  지상1층지하1층', '한식', '샤브샤브', '공덕동', '02 7132693'),
(3220000, 2010, '마포숯불갈비', '서울특별시 강남구 도산대로 232 (논현동)', '서울특별시 강남구 논현동  62번지 6호  ', '한식', '돼지갈비', '논현2동', '02 5161522'),
(3230000, 2012, '마포식당', '서울특별시 송파구 가락로18길 2 지상1층 (송파동)', '서울특별시 송파구 송파동  97번지 6호  지상1층', '한식', '코다리찜', '송파1동', '02 4175100'),
(3130000, 2012, '마포우사미', '서울특별시 마포구 마포대로14가길 4 (공덕동1층)', '서울특별시 마포구 공덕동  105번지 236호  1층', '한식', '소고기보신탕', '공덕동', '704 8007'),
(3130000, 2006, '마포원조주물럭', '서울특별시 마포구 토정로 294 (용강동)', '서울특별시 마포구 용강동  45번지 1호  ', '한식', '주물럭', '용강동', '02 7193001'),
(3130000, 2011, '마포진짜원조최대포집', '서울특별시 마포구 만리재로1길 3 (공덕동)', '서울특별시 마포구 공덕동  255번지 5호  ', '한식', '삼겹살돼지갈비갈매기살', '공덕동', '02 7196358'),
(3130000, 2006, '마포활어', '서울특별시 마포구 삼개로5길 8 (도화동)', '서울특별시 마포구 도화동  205번지 1호  ', '일식', '회정식', '도화동', '02 7119292'),
(3220000, 2017, '막', '서울특별시 강남구 삼성로146길 8 1층 102호 (청담동)', '서울특별시 강남구 청담동  62번지 1호  ', '한식', '막국수', '청담동', ''),
(3000000, 2018, '만가', '서울특별시 종로구 사직로 103-19 (필운동(지상1층))', '서울특별시 종로구 필운동  206번지  (지상1층)', '한식', '장어 생등심', '사직동', '02720 5797'),
(3020000, 2017, '만나정생고기', '서울특별시 용산구 한강대로52길 17-11 (한강로2가 지상1층)', '서울특별시 용산구 한강로2가  28번지 2호  (지상1층)', '한식', '육계장칼국수', '한강로동', '02 7924484'),
(3230000, 2017, '만다복', '서울특별시 송파구 올림픽로 240 지하1층 (잠실동 롯데백화점)', '서울특별시 송파구 잠실동  40번지 1호  ', '중국식', '자장면짬뽕', '잠실본동', '221431973'),
(3220000, 2017, '만리장성', '서울특별시 강남구 영동대로114길 7 (삼성동지상1층)', '서울특별시 강남구 삼성동  91번지 24호  지상1층', '경양식', '자장면', '삼성1동', '34420310'),
(3220000, 2016, '맛고을', '서울특별시 강남구 봉은사로 212 (역삼동)', '서울특별시 강남구 역삼동  651번지 2호  ', '한식', '김치찌개', '역삼1동', '205548358'),
(3020000, 2019, '맛깔참죽용문점', '서울특별시 용산구 새창로 110 1층 (용문동)', '서울특별시 용산구 용문동  28번지 9호  1층', '한식', '전복죽', '용문동', '02  703 8758'),
(3220000, 2016, '매일낙지', '서울특별시 강남구 삼성로 557 (삼성동)', '서울특별시 강남구 삼성동  120번지 7호  ', '한식', '연포탕', '삼성2동', '02 5560966'),
(3220000, 2016, '메밀연가', '서울특별시 강남구 선릉로62길 37 지상12층 (대치동)', '서울특별시 강남구 대치동  935번지 24호  지상12층', '경양식', '메밀막국수', '대치1동', ''),
(3020000, 2016, '메시야', '서울특별시 용산구 한강대로 358 1층 (동자동)', '서울특별시 용산구 동자동  14번지 132호  ', '일식', '김치돈까스', '남영동', '02  318 5235'),
(3130000, 2016, '메이탄', '서울특별시 마포구 마포대로24길 4 2층 203204호 (아현동 공덕자이아파트)', '서울특별시 마포구 아현동  801번지  공덕자아아파트 2층 203호204호', '중국식', '', '아현동', ''),
(3220000, 2016, '멘무샤', '서울특별시 강남구 영동대로 513 컨벤션센터동 지하1층 I106호 (삼성동 코엑스몰)', '서울특별시 강남구 삼성동  159번지  ', '한식', '일본라면', '삼성1동', ''),
(3220000, 2016, '명가원설농탕', '서울특별시 강남구 도곡로 526 (대치동남평빌딩1층)', '서울특별시 강남구 대치동  991번지 1호  남평빌딩1층', '한식', '화로구이', '대치2동', '02 5638978'),
(3230000, 2008, '명가칼국수', '서울특별시 송파구 올림픽로 289 (신천동(시그마타워 B1-120))', '서울특별시 송파구 신천동  7번지 19호  (시그마타워 B1-120)', '한식', '', '잠실6동', '234312624'),
(3230000, 2016, '명가통닭', '서울특별시 송파구 중대로 215 (가락동(1층))', '서울특별시 송파구 가락동  10번지  (1층)', '한식', '베트남쌀국수', '가락본동', '02 4200266'),
(3220000, 2010, '명동관전복세상', '서울특별시 강남구 남부순환로 2912 (대치동센트럴500지하1층103104호)', '서울특별시 강남구 대치동  500번지 0호  센트럴500지하1층103104호', '한식', '한식', '대치1동', '02 5638882'),
(3230000, 2007, '명동찌개마을', '서울특별시 송파구 송이로 102 지상1층 (가락동)', '서울특별시 송파구 가락동  72번지 6호  지상1층', '한식', '돼지갈비', '가락본동', ''),
(3220000, 2016, '명동칼국수', '서울특별시 강남구 영동대로 513 지하1층 O104호 (삼성동 코엑스몰)', '서울특별시 강남구 삼성동  159번지  지하1층', '일식', '칼국수 보쌈', '삼성1동', '260026533'),
(3230000, 2017, '명동피자 현대시티몰 가든5점', '서울특별시 송파구 충민로 66 지하1층 (문정동 현대시티몰 가든파이브 영관)', '서울특별시 송파구 문정동  634번지  ', '경양식', '피자파스타', '문정1동', '226732039'),
(3230000, 2020, '명동할머니국수 롯데어드벤처점', '서울특별시 송파구 올림픽로 240 지하1층 (잠실동 롯데월드어드벤처)', '서울특별시 송파구 잠실동  40번지 1호  ', '한식', '국수', '잠실본동', ''),
(3230000, 2018, '명륜진사갈비', '서울특별시 송파구 올림픽로8길 20 잠실아이파크 2층 201202호 (잠실동)', '서울특별시 송파구 잠실동  194번지  잠실아이파크', '한식', '돼지갈비', '잠실3동', '220422323'),
(3000000, 2007, '명원숯불갈비', '서울특별시 종로구 통일로12길 8 (행촌동)', '서울특별시 종로구 행촌동  209번지 8호  ', '한식', '돼지갈비', '교남동', '02 7384744'),
(3220000, 2016, '명인등심(청담유통)', '서울특별시 강남구 도산대로 211 (신사동지상1층)', '서울특별시 강남구 신사동  587번지 14호  지상1층', '한식', '한우등심', '신사동', ''),
(3000000, 2012, '명작 신의주 찹쌀순대', '서울특별시 종로구 사직로8길 4 (사직동풍림스페이스본 202동 지상1층 104호)', '서울특별시 종로구 사직동  9번지  풍림스페이스본 202동 지상1층 104호', '한식', '순대국', '사직동', '02 737 6484'),
(3230000, 2008, '명품 삼겹살', '서울특별시 송파구 백제고분로32길 3 지상1층 (삼전동)', '서울특별시 송파구 삼전동  180번지 22호  지상1층', '한식', '', '삼전동', '02 4192550'),
(3130000, 2009, '목우촌한우명가', '서울특별시 마포구 토정로 312-1 (용강동)', '서울특별시 마포구 용강동  50번지 15호  ', '한식', '한식(뚝불고기)', '용강동', '02 7178110'),
(3130000, 2014, '목포낙지마을', '서울특별시 마포구 월드컵로32길 11 (성산동)', '서울특별시 마포구 성산동  278번지 41호  ', '한식', '연포탕 낙지볶음', '성산제1동', '02 3331032'),
(3220000, 2016, '목포홍어와 탁주', '서울특별시 강남구 강남대로114길 18 (논현동지상1층)', '서울특별시 강남구 논현동  198번지 9호  지상1층', '한식', '회류', '논현1동', '02 5111388'),
(3220000, 2019, '몽샤', '서울특별시 강남구 선릉로157길 14-3 지상1층 (신사동)', '서울특별시 강남구 신사동  663번지 16호  ', '일식', '찜닭', '신사동', ''),
(3230000, 2008, '몽촌 감자탕 부대찌게', '서울특별시 송파구 올림픽로47길 13 지상1층 (풍납동)', '서울특별시 송파구 풍납동  400번지 17호  지상1층', '한식', '', '풍납2동', '02 4746868'),
(3130000, 2019, '무공해숯불갈비', '서울특별시 마포구 만리재로1길 8 (공덕동)', '서울특별시 마포구 공덕동  256번지 21호  ', '한식', '돼지갈비', '아현동', '02 7164296'),
(3230000, 2007, '무교동유정낙지', '서울특별시 송파구 백제고분로 89 (잠실동)', '서울특별시 송파구 잠실동  196번지 7호  ', '한식', '낙지볶음', '잠실본동', '02 4178002'),
(3220000, 2013, '무교동유정낙지청담점', '서울특별시 강남구 영동대로 732 (청담동)', '서울특별시 강남구 청담동  131번지 10호  ', '한식', '낙지', '청담동', '02 5404362'),
(3220000, 2010, '무교동홍낙(수서점)', '서울특별시 강남구 광평로 224 (수서동)', '서울특별시 강남구 수서동  464번지 9호  ', '한식', '낙지볶음', '수서동', '02 4598756'),
(3000000, 2008, '무교삼계탕', '서울특별시 종로구 인사동7길 37 (관훈동)', '서울특별시 종로구 관훈동  198번지 17호  ', '한식', '삼계탕', '종로1.2.3.4가동', ''),
(3220000, 2010, '무등산', '서울특별시 강남구 선릉로146길 3 (청담동지상123층)', '서울특별시 강남구 청담동  1번지 15호  지상123층', '한식', '고기구이', '청담동', '02 5184001'),
(3130000, 2007, '무쇠솥부대찌개', '서울특별시 마포구 마포대로8안길 18 (공덕동지상2층)', '서울특별시 마포구 공덕동  249번지 50호  지상2층', '한식', '부대찌개', '공덕동', '02  32725749'),
(3220000, 2014, '무월식탁', '서울특별시 강남구 강남대로102길 23 (역삼동)', '서울특별시 강남구 역삼동  812번지 15호  ', '경양식', '간장새우덮밥', '역삼1동', '02 5585215'),
(3230000, 2012, '무한소', '서울특별시 송파구 백제고분로9길 25 지상1층 (잠실동)', '서울특별시 송파구 잠실동  190번지 13호  지상1층', '호프/통닭', '젖소 육우 구이', '잠실본동', '222819465'),
(3220000, 2010, '무한장어', '서울특별시 강남구 선릉로99길 5 (역삼동지상1층)', '서울특별시 강남구 역삼동  696번지 27호  지상1층', '한식', '장어구이', '역삼1동', '02 5561219'),
(3220000, 2019, '문', '서울특별시 강남구 언주로150길 21 (논현동지상1.2층)', '서울특별시 강남구 논현동  91번지 11호  지상1.2층', '한식', '한정식', '논현2동', '02 5168228'),
(3130000, 2015, '미래', '서울특별시 마포구 마포대로 144 (공덕동 태영빌딩 지하1층)', '서울특별시 마포구 공덕동  252번지 5호  ', '한식', '한정식', '공덕동', '02 7185292'),
(3220000, 2016, '미사리밀빛초계국수', '서울특별시 강남구 영동대로 513 지하1층 J-114호 (삼성동 코엑스 기존컨벤션센터)', '서울특별시 강남구 삼성동  159번지  코엑스 기존컨벤션센터', '한식', '초계국수', '삼성1동', ''),
(3020000, 2016, '미성중국관', '서울특별시 용산구 한강대로84길 8 (남영동(지상1층))', '서울특별시 용산구 남영동  61번지 1호  (지상1층)', '중국식', '중식코스', '남영동', '02 7903034'),
(3220000, 2010, '미성한우', '서울특별시 강남구 삼성로92길 27 (삼성동)', '서울특별시 강남구 삼성동  158번지 14호  ', '한식', '양념갈비', '삼성1동', '02 5623257'),
(3230000, 2007, '미스터 김밥', '서울특별시 송파구 풍성로 66 지상1층 (풍납동)', '서울특별시 송파구 풍납동  156번지 13호  지상1층', '분식', '김밥', '풍납1동', '02 4743236'),
(3230000, 2018, '미스터 스시', '서울특별시 송파구 중대로 121 1층 101-2호 (가락동 송파롯데캐슬파인힐)', '서울특별시 송파구 가락동  79번지  송파롯데캐슬파인힐', '일식', '스시', '가락본동', '02 4302161'),
(3230000, 2008, '미우미우', '서울특별시 송파구 양재대로71길 2-27 (방이동지상2층)', '서울특별시 송파구 방이동  185번지 0호  지상2층', '한식', '소고기구이', '방이1동', '02 4240606'),
(3220000, 2016, '미인 삼계탕', '서울특별시 강남구 영동대로 511 (삼성동컨벤션별관 지하2층)', '서울특별시 강남구 삼성동  159번지 0호  컨벤션별관 지하2층', '경양식', '한방삼계탕', '삼성1동', ''),
(3220000, 2016, '밀란', '서울특별시 강남구 개포로28길 4 (개포동지상1층101호)', '서울특별시 강남구 개포동  1215번지 0호  지상1층101호', '한식', '면류', '개포4동', '02 5071080'),
(3220000, 2016, '밀밭', '', '서울특별시 강남구 삼성동  159번지 9호  지하1층 B7호', '분식', '손수제비', '삼성1동', ''),
(3220000, 2017, '밀사랑', '서울특별시 강남구 도곡로 418 (대치동강원빌딩 지상1층)', '서울특별시 강남구 대치동  1024번지 4호  강원빌딩 지상1층', '한식', '한식', '대치1동', '02  552 5289'),
(3220000, 2019, '바다를 훔친 언니', '서울특별시 강남구 강남대로154길 12 (신사동)', '서울특별시 강남구 신사동  512번지 1호  ', '분식', '갈비찜', '신사동', ''),
(3020000, 2020, '바다식당', '서울특별시 용산구 이태원로 245 2층 (한남동)', '서울특별시 용산구 한남동  738번지 24호  ', '한식', '존슨탕', '한남동', '02 7951317'),
(3130000, 2019, '바다애(愛) 회', '서울특별시 마포구 동교로 128 A동 1 2층 (서교동)', '서울특별시 마포구 서교동  465번지 2호  ', '일식', '생선회', '서교동', ''),
(3130000, 2017, '바다양푼이찌개마을', '서울특별시 마포구 월드컵북로54길 17 B114호 (상암동 사보이시티디엠씨)', '서울특별시 마포구 상암동  1597번지  사보이시티디엠씨-B114', '한식', '동태찌개', '상암동', ''),
(3230000, 2007, '바삼탕', '서울특별시 송파구 거마로 13 (거여동지상2층)', '서울특별시 송파구 거여동  174번지 4호  지상2층', '한식', '삼계탕', '거여1동', '02 4439494'),
(3220000, 2016, '바오바오', '서울특별시 강남구 봉은사로 516 지하2층 B201호 (삼성동 미켈란147)', '서울특별시 강남구 삼성동  147번지 2호  ', '중국식', '팔보채', '삼성1동', ''),
(3000000, 2018, '박가네', '서울특별시 종로구 종로32길 7 2층 (종로5가)', '서울특별시 종로구 종로5가  138번지 10호  ', '분식', '빈대떡', '종로5.6가동', ''),
(3000000, 2018, '박가네빈대떡 2호점', '서울특별시 종로구 동호로 403-16 1~2층 (종로5가)', '서울특별시 종로구 종로5가  138번지 16호  1~2층', '한식', '육회', '종로5.6가동', ''),
(3000000, 2016, '박보연 간장게장과삼겹살', '서울특별시 종로구 종로5길 42-5 (청진동)', '서울특별시 종로구 청진동  3번지 1호  ', '한식', '간장게장', '종로1.2.3.4가동', '02 7259729'),
(3220000, 2010, '반룡산', '서울특별시 강남구 테헤란로78길 26 (대치동지상1층)', '서울특별시 강남구 대치동  894번지 4호  지상1층', '경양식', '냉면', '대치4동', ''),
(3220000, 2016, '반하는 밥상 & 보쌈', '서울특별시 강남구 영동대로 513 지하1층 M103호 (삼성동 컨벤션센터 코엑스몰)', '서울특별시 강남구 삼성동  159번지 1호  컨벤션센터 코엑스몰 지하1층-M103', '한식', '보쌈', '삼성1동', ''),
(3230000, 2007, '방이비빔밥샤브칼국수', '서울특별시 송파구 오금로31길 42 (방이동)', '서울특별시 송파구 방이동  213번지 8호  ', '한식', '칼국수비빔밥', '방이1동', '02 4233450'),
(3220000, 2014, '방이샤브칼국수', '서울특별시 강남구 삼성로 229 (대치동)', '서울특별시 강남구 대치동  1019번지 12호  ', '분식', '칼국수', '대치4동', ''),
(3230000, 2012, '방이한방삼계탕', '서울특별시 송파구 백제고분로 456 지상 1 2층 (방이동)', '서울특별시 송파구 방이동  110번지 25호  지상 1 2층', '한식', '삼계탕', '방이2동', '02 4159909'),
(3220000, 2010, '방파제', '서울특별시 강남구 강남대로62길 24 (역삼동지상1층)', '서울특별시 강남구 역삼동  839번지 1호  지상1층', '한식', '생태찌개', '역삼1동', '5674737'),
(3230000, 2017, '백년가 교동짬뽕 본점', '서울특별시 송파구 충민로 66 5층 (문정동 가든파이브라이프 테크노관)', '서울특별시 송파구 문정동  634번지  ', '중국식', '짜장면 외', '문정1동', '226732503'),
(3130000, 2006, '백년백세', '서울특별시 마포구 양화로 118 1층동 (서교동)', '서울특별시 마포구 서교동  354번지 12호 1층 ', '한식', '삼계탕', '서교동', '02 3253399'),
(3130000, 2016, '백미향', '서울특별시 마포구 성지길 27 (합정동1층)', '서울특별시 마포구 합정동  371번지 5호  1층', '중국식', '', '합정동', '02   3128253'),
(3220000, 2016, '백억하누', '서울특별시 강남구 테헤란로5길 29 12층 (역삼동)', '서울특별시 강남구 역삼동  817번지 26호  ', '한식', '한우불고기', '역삼1동', ''),
(3220000, 2010, '백운봉막국수', '서울특별시 강남구 언주로93길 30 (역삼동지상1층)', '서울특별시 강남구 역삼동  672번지 37호  지상1층', '한식', '막국수', '역삼1동', ''),
(3220000, 2016, '별곱창이야기', '서울특별시 강남구 일원로9길 36 지상1층 101호 (일원동 동측)', '서울특별시 강남구 일원동  666번지 6호  ', '한식', '소곱창', '일원1동', ''),
(3000000, 2007, '별미삼청수제비', '서울특별시 종로구 삼청로 101-1 (삼청동)', '서울특별시 종로구 삼청동  99번지  ', '한식', '수제비', '삼청동', '02 7352965'),
(3220000, 2010, '보노보노플러스삼성점', '서울특별시 강남구 테헤란로 508 (대치동)', '서울특별시 강남구 대치동  942번지 10호  ', '경양식', '뷔페', '대치2동', '02 5621239'),
(3220000, 2012, '보리밀', '서울특별시 강남구 봉은사로108길 3-6 (삼성동지상1층)', '서울특별시 강남구 삼성동  162번지 21호  지상1층', '한식', '제육볶음', '삼성1동', '5454985'),
(3220000, 2014, '보성녹돈', '서울특별시 강남구 일원로9길 40 (일원동지상1층)', '서울특별시 강남구 일원동  666번지 8호  지상1층', '한식', '삼겹살', '일원1동', '22269293');
INSERT INTO `restaurant` (`guCode`, `since`, `restName`, `restRoad`, `restAddr`, `restType`, `restMain`, `dongName`, `restPhone`) VALUES
(3020000, 2020, '보스라멘', '서울특별시 용산구 청파로 74 (한강로3가 16-9외6필지 용산전자랜드 지상6층)', '서울특별시 용산구 한강로3가  16번지 9호  외6필지 용산전자랜드(지상6층)', '기타', '탄탄멘돈가스정식', '한강로동', ''),
(3230000, 2011, '복사랑', '서울특별시 송파구 송파대로28길 16 지상2층 (가락동)', '서울특별시 송파구 가락동  99번지 0호  지상2층', '한식', '막국수오리훈제', '가락본동', '296547407'),
(3220000, 2016, '복자네 대박났네', '서울특별시 강남구 도산대로1길 62 지하1층 102호 (신사동)', '서울특별시 강남구 신사동  506번지 0호  지하1층-102', '한식', '부대찌개', '신사동', '02  547 2333'),
(3220000, 2014, '본가', '서울특별시 강남구 일원로9길 64 (일원동지상12층)', '서울특별시 강남구 일원동  645번지 7호  지상12층', '한식', '구이', '일원1동', '4510808'),
(3220000, 2010, '본가설렁탕', '서울특별시 강남구 언주로148길 14 (논현동)', '서울특별시 강남구 논현동  98번지 12호  ', '한식', '', '논현2동', '205178064'),
(3000000, 2012, '본고향맛집', '서울특별시 종로구 지봉로 16 (숭인동1층)', '서울특별시 종로구 숭인동  317번지 20호  1층', '한식', '한정식', '숭인제1동', '222343392'),
(3230000, 2016, '본띠아모', '서울특별시 송파구 올림픽로 240 지상2층 (잠실동 롯데월드어드벤처동 알라딘가든내)', '서울특별시 송파구 잠실동  40번지 1호  롯데월드어드벤처동 지상2층 알라딘가든내', '경양식', '철판음식 파스타', '잠실3동', '232721462'),
(3130000, 2016, '본죽(도화점)', '서울특별시 마포구 도화길 43 2층 202호 (도화동 나눔빌딩)', '서울특별시 마포구 도화동  571번지  나눔빌딩2층202호', '분식', '', '도화동', '02 7114010'),
(3220000, 2016, '봉산집', '서울특별시 강남구 삼성로 564 지상2층지상3층 (삼성동)', '서울특별시 강남구 삼성동  145번지 19호  ', '한식', '차돌박이', '삼성1동', ''),
(3220000, 2014, '봉우리', '서울특별시 강남구 논현로94길 25-3 (역삼동)', '서울특별시 강남구 역삼동  670번지 20호  ', '한식', '한정식', '역삼1동', ''),
(3220000, 2011, '봉우화로', '서울특별시 강남구 봉은사로18길 76 (역삼동지하1층)', '서울특별시 강남구 역삼동  619번지 14호  지하1층', '한식', '삼겹살', '역삼1동', '1588 6182'),
(3020000, 2015, '봉추찜닭', '서울특별시 용산구 청파로45길 13 (청파동3가(지상1층))', '서울특별시 용산구 청파동3가  26번지 15호  (지상1층)', '분식', '찜닭', '청파동', '02 7176981'),
(3230000, 2017, '봉추찜닭 가든파이브 현대몰점', '서울특별시 송파구 충민로 66 5층 (문정동 가든파이브 라이프동 테크노관)', '서울특별시 송파구 문정동  634번지  ', '한식', '찜닭', '문정1동', '226732507'),
(3220000, 2019, '봉추찜닭압구정로데오점', '서울특별시 강남구 선릉로157길 20-5 (신사동지상2층)', '서울특별시 강남구 신사동  663번지 7호  지상2층', '한식', '찜닭', '압구정동', ''),
(3230000, 2007, '봉피양', '서울특별시 송파구 양재대로71길 5 지상1층 (방이동)', '서울특별시 송파구 방이동  205번지  지상1층', '한식', '돼지갈비 설렁탕', '방이1동', '02 4155527'),
(3130000, 2013, '봉피양 마포', '서울특별시 마포구 토정로 308 (용강동)', '서울특별시 마포구 용강동  50번지 3호  ', '한식', '한우', '용강동', '02  715 2295'),
(3020000, 2001, '봉피양(용산)', '서울특별시 용산구 한강대로40길 31 지상12층 (한강로2가)', '서울특별시 용산구 한강로2가  77번지 1호  지상12층', '한식', '한우생등심', '한강로동', '02795 6446'),
(3020000, 2001, '부산갈비', '서울특별시 용산구 이태원로27가길 18 지상1층 (이태원동)', '서울특별시 용산구 이태원동  112번지 6호  지상1층', '식육(숯불구이)', '갈비탕', '이태원제1동', '02  796 7641'),
(3230000, 2007, '부산집', '서울특별시 송파구 중대로27길 9-1 (오금동)', '서울특별시 송파구 오금동  48번지 16호  ', '한식', '복탕', '오금동', '02 4043227'),
(3000000, 2016, '부산초밥', '서울특별시 종로구 돈화문로11길 41 (낙원동2층)', '서울특별시 종로구 낙원동  136번지 0호  2층', '일식', '초밥', '종로1.2.3.4가동', '02 7647733'),
(3230000, 2007, '부산회집', '서울특별시 송파구 올림픽로35길 94 (신천동장미C상가 234호)', '서울특별시 송파구 신천동  11번지  장미C상가 234호', '일식', '생선회', '잠실4동', '02 4184624'),
(3220000, 2016, '부옥당', '서울특별시 강남구 영동대로106길 41 (삼성동)', '서울특별시 강남구 삼성동  162번지 25호  ', '한식', '된장비빔밥(남도요리전문점)', '삼성2동', '02 5589944'),
(3230000, 2007, '북경', '서울특별시 송파구 송파대로27길 30 지상1층 (문정동)', '서울특별시 송파구 문정동  150번지 35호  ', '중국식', '중식', '문정2동', '02 4043227'),
(3230000, 2020, '북창동순두부 롯데월드점', '서울특별시 송파구 올림픽로 240 롯데월드 쇼핑몰 지하1층 (잠실동)', '서울특별시 송파구 잠실동  40번지 1호  롯데월드', '한식', '순두부', '잠실본동', ''),
(3230000, 2017, '북촌손만두 잠실역점', '서울특별시 송파구 송파대로 570 지하1층 12-1호 (신천동 타워730)', '서울특별시 송파구 신천동  7번지 30호  ', '한식', '낙지볶음볶음밥', '잠실4동', '222027391'),
(3020000, 2019, '불고기아리랑', '서울특별시 용산구 새창로 106-1 (용문동 28-25 지상12층)', '서울특별시 용산구 용문동  28번지 25호  ', '한식', '돼지갈비', '용문동', '02 7069294'),
(3220000, 2010, '불이아', '서울특별시 강남구 언주로 711 (논현동건설회관지하1층)', '서울특별시 강남구 논현동  71번지 2호  건설회관지하1층', '중국식', '훠궈', '논현2동', '02  517 6689'),
(3130000, 2007, '불킹해물요리전문점', '서울특별시 마포구 월드컵로 190 (성산동이안상암2차 1층 109호110호)', '서울특별시 마포구 성산동  592번지 6호  이안상암2차 1층 109호110호', '한식', '킹크랩', '성산제1동', '3087703'),
(3220000, 2013, '브래서리', '서울특별시 강남구 봉은사로 524 1층 (삼성동 인터컨티넨탈 서울 코엑스)', '서울특별시 강남구 삼성동  159번지  ', '경양식', '뷔페', '삼성1동', '2'),
(3220000, 2017, '비에이비오', '서울특별시 강남구 도산대로56길 6-2 (청담동)', '서울특별시 강남구 청담동  1번지 6호  ', '한식', '돼지고기 구이', '청담동', ''),
(3230000, 2016, '비와별 닭갈비 잠실직영점', '서울특별시 송파구 삼학사로 100 지상1층 (석촌동)', '서울특별시 송파구 석촌동  1번지  ', '기타', '닭갈비', '석촌동', '222025552'),
(3230000, 2008, '뽕사부', '서울특별시 송파구 백제고분로 498 (방이동 지상1층)', '서울특별시 송파구 방이동  180번지 19호  지상1층(2526)', '한식', '', '방이2동', '02 4165391'),
(3000000, 2009, '사동면옥', '서울특별시 종로구 인사동8길 9 (관훈동)', '서울특별시 종로구 관훈동  29번지 21호  ', '한식', '도가니탕냉면', '종로1.2.3.4가동', '02 7357393'),
(3220000, 2010, '사랑방', '서울특별시 강남구 논현로94길 3 (역삼동)', '서울특별시 강남구 역삼동  668번지 18호  ', '한식', '한정식', '역삼1동', '02 5626655'),
(3230000, 2019, '사랑방 칼국수', '서울특별시 송파구 백제고분로7길 16-15 1층 (잠실동)', '서울특별시 송파구 잠실동  192번지 4호  ', '기타', '삼겹살', '잠실본동', '02 4234300'),
(3130000, 2007, '사랑채', '서울특별시 마포구 신촌로12가길 36 (노고산동)', '서울특별시 마포구 노고산동  54번지 2호  ', '한식', '우거지갈비탕', '대흥동', '02 3364479'),
(3220000, 2010, '사리원', '서울특별시 강남구 남부순환로 2712 (도곡동)', '서울특별시 강남구 도곡동  411번지 5호  ', '한식', '불고기', '도곡2동', '205732202'),
(3230000, 2019, '사리원 롯데월드몰점', '서울특별시 송파구 올림픽로 300 (신천동 캐쥬얼동 지상6층)', '서울특별시 송파구 신천동  29번지  캐쥬얼동 지상6층', '기타', '불고기', '잠실4동', '02  521 7678'),
(3230000, 2017, '사발', '서울특별시 송파구 충민로 66 지하1층 (문정동 가든파이브라이프 테크노관)', '서울특별시 송파구 문정동  634번지  ', '한식', '국수', '문정1동', '226732926'),
(3020000, 2020, '산골집500소갈비살', '서울특별시 용산구 서빙고로 4-16 (한강로3가(지상1.2층))', '서울특별시 용산구 한강로3가  49번지 5호  (지상1.2층)', '분식', '생소갈비살', '한강로동', '02 7943868'),
(3230000, 2007, '산들해(송파)', '서울특별시 송파구 위례성대로 6 (방이동2층)', '서울특별시 송파구 방이동  44번지 3호  2층', '한식', '한정식', '방이1동', '02 4013678'),
(3230000, 2016, '산야초 닭한마리', '서울특별시 송파구 백제고분로50길 41 지상1층 (방이동)', '서울특별시 송파구 방이동  169번지 10호  지상1층', '한식', '삼계탕', '방이1동', '02  423 5864'),
(3220000, 2010, '산촌', '서울특별시 강남구 언주로71길 5-10 지상1층 (역삼동)', '서울특별시 강남구 역삼동  773번지 14호  지상1층', '한식', '', '역삼2동', '02 5535293'),
(3130000, 2006, '삼곱식당 합정점', '서울특별시 마포구 월드컵로 43 (합정동1층)', '서울특별시 마포구 합정동  427번지 12호  1층', '복어취급', '회정식', '합정동', '02  3233124'),
(3000000, 2011, '삼대 불고기 냉면', '서울특별시 종로구 수표로 118 1층 (낙원동)', '서울특별시 종로구 낙원동  146번지  ', '경양식', '냉면', '종로1.2.3.4가동', '02 7630756'),
(3220000, 2017, '삼미집', '서울특별시 강남구 도산대로89길 24 (청담동1층)', '서울특별시 강남구 청담동  126번지 3호  1층', '일식', '아나고회', '청담동', '34442063'),
(3130000, 2016, '삼보성', '서울특별시 마포구 창전로 32 (구수동외1필지 1층)', '서울특별시 마포구 구수동  68번지 32호  외1필지 1층', '중국식', '', '신수동', ''),
(3220000, 2016, '삼성돈구이', '서울특별시 강남구 봉은사로108길 3-6 (삼성동21)', '서울특별시 강남구 삼성동  162번지 20호  21', '한식', '삼겹살', '삼성1동', '02 5086994'),
(3220000, 2016, '삼성동 명인등심', '서울특별시 강남구 봉은사로86길 30 (삼성동지상2층)', '서울특별시 강남구 삼성동  148번지 15호  지상2층', '한식', '한우특등심', '삼성1동', '02 5649049'),
(3220000, 2016, '삼성동고기집', '서울특별시 강남구 테헤란로81길 16 지상1층 (삼성동)', '서울특별시 강남구 삼성동  157번지 23호  지상1층', '한식', '제주생돼지', '삼성1동', '02 5553124'),
(3220000, 2010, '삼성물산(주)10꼬르소꼬모서울카페', '서울특별시 강남구 압구정로 416 (청담동지하1층)', '서울특별시 강남구 청담동  79번지 0호  지하1층', '경양식', '이태리', '청담동', '02  30181010'),
(3220000, 2010, '삼원가든', '서울특별시 강남구 언주로 835 (신사동58)', '서울특별시 강남구 신사동  623번지 4호  58', '한식', '갈비탕', '신사동', '02 5445351'),
(3220000, 2016, '삼환', '서울특별시 강남구 영동대로112길 10 (삼성동외2필지)', '서울특별시 강남구 삼성동  107번지 5호  외2필지', '한식', '고기 구이', '삼성1동', '02 5462429'),
(3220000, 2016, '삿뽀로야끼', '서울특별시 강남구 삼성로100길 13 1층 (삼성동)', '서울특별시 강남구 삼성동  152번지 52호  ', '한식', '양갈비', '삼성1동', '02 5544741'),
(3130000, 2014, '상암고기마을', '서울특별시 마포구 월드컵북로48길 10 (상암동 1층)', '서울특별시 마포구 상암동  34번지 87호  ', '한식', '소등심', '상암동', '302 9021'),
(3220000, 2010, '새마을식당', '서울특별시 강남구 봉은사로 210 (역삼동)', '서울특별시 강남구 역삼동  651번지 1호  ', '한식', '김치전골', '역삼1동', '2'),
(3220000, 2010, '새묵호', '서울특별시 강남구 테헤란로64길 9 지하1층 107호 (대치동 선릉역대우아이빌)', '서울특별시 강남구 대치동  890번지 49호  ', '일식', '일식', '대치1동', '02 5083390'),
(3130000, 2013, '색동저고리마포점', '서울특별시 마포구 도화길 27 (도화동 2층)', '서울특별시 마포구 도화동  179번지 3호  ', '한식', '한정식', '도화동', ''),
(3230000, 2007, '샛집남원추어탕', '서울특별시 송파구 오금로11길 7-12 (방이동)', '서울특별시 송파구 방이동  24번지 1호  ', '한식', '추어탕', '방이2동', '02 4218163'),
(3220000, 2010, '생태명가', '서울특별시 강남구 역삼로 179 (역삼동지상1층)', '서울특별시 강남구 역삼동  747번지 20호  지상1층', '한식', '생태탕', '역삼1동', '02 5395438'),
(3220000, 2012, '생태명가 르네상스', '서울특별시 강남구 테헤란로37길 23 (역삼동지상1층)', '서울특별시 강남구 역삼동  673번지 38호  지상1층', '한식', '생태', '역삼1동', ''),
(3000000, 2008, '서가네옛날민속집', '서울특별시 종로구 진흥로 469 1층 (구기동)', '서울특별시 종로구 구기동  64번지 5호  ', '한식', '두부전골', '평창동', '02 3796100'),
(3230000, 2016, '서가앤쿡 서울잠실점', '서울특별시 송파구 석촌호수로 176 지상3층 (삼전동)', '서울특별시 송파구 삼전동  130번지 2호  지상3층', '경양식', '파스타', '삼전동', '02 4209448'),
(3130000, 2016, '서강8경율도', '서울특별시 마포구 토정로 128 6층 (상수동)', '서울특별시 마포구 상수동  356번지 6호  ', '일식', '', '서강동', '02   3340070'),
(3020000, 2006, '서계마을', '서울특별시 용산구 효창원로 270 만리시장 (서계동)', '서울특별시 용산구 서계동  260번지 1호  만리시장 B동 2층 11호', '한식', '쌈밥정식', '청파동', '02 7139007'),
(3020000, 2018, '서래갈매기', '서울특별시 용산구 후암로 99 (동자동(지상12층))', '서울특별시 용산구 동자동  11번지 9호  (지상12층)', '한식', '갈매기살구이', '남영동', '237893450'),
(3130000, 2014, '서룡', '서울특별시 마포구 월드컵북로 361 204호 (상암동DMC 이안상암2단지 2층 201202203)', '서울특별시 마포구 상암동  1653번지  DMC 이안상암2단지 2층 201202203-204', '중국식', '짜장면 짬뽕', '상암동', ''),
(3130000, 2012, '서리원', '서울특별시 마포구 마포대로 173 (공덕동 현대하이엘빌딩B123124125126호)', '서울특별시 마포구 공덕동  463번지  ', '한식', '한정식', '공덕동', '263531447'),
(3220000, 2016, '서백자 간장게장', '서울특별시 강남구 삼성로 542 지상2층 (삼성동 석천빌딩)', '서울특별시 강남구 삼성동  151번지 4호  석천빌딩 2층', '중국식', '간장게장', '삼성1동', '02  34536008'),
(3020000, 2019, '서울고깃집', '서울특별시 용산구 한강대로104길 20 1층 (동자동)', '서울특별시 용산구 동자동  24번지 19호  1층', '한식', '숙성통삼겹', '남영동', '02 7771015'),
(3220000, 2016, '서울덮밥', '서울특별시 강남구 테헤란로87길 22 지하1층 Q103호 (삼성동)', '서울특별시 강남구 삼성동  159번지 6호  ', '한식', '김치갈비전골', '삼성1동', ''),
(3020000, 2018, '서울밤', '서울특별시 용산구 녹사평대로40길 57 (이태원동(지상1층))', '서울특별시 용산구 이태원동  57번지 28호  (지상1층)', '한식', '양곱창', '이태원제1동', '02 7978486'),
(3230000, 2017, '서울쌀면', '서울특별시 송파구 송파대로 167 A동 지하1층 G148호 (문정동 문정역테라타워)', '서울특별시 송파구 문정동  651번지  ', '한식', '곰탕쌀국수', '문정1동', '220543747'),
(3020000, 2001, '서울역그릴', '서울특별시 용산구 청파로 378 3층 302호 (동자동)', '서울특별시 용산구 동자동  43번지 205호  3층 302호', '경양식', '스테이크', '남영동', '02 7548001'),
(3130000, 2008, '서울찜닭', '서울특별시 마포구 월드컵북로48길 13 1층 (상암동)', '서울특별시 마포구 상암동  36번지 9호  ', '일식', '초밥', '상암동', ''),
(3230000, 2007, '서울특별시강동교육청', '서울특별시 송파구 잠실로 26 (잠실동)', '서울특별시 송파구 잠실동  22번지 11호  ', '공공기관', '급식', '잠실본동', '234344487'),
(3230000, 2017, '서초갈비', '서울특별시 송파구 법원로11길 7 C동 122123124125호 (문정동 현대지식산업센터)', '서울특별시 송파구 문정동  644번지 2호  ', '한식', '소고기 양념갈비', '문정1동', '221486618'),
(3220000, 2016, '서해쭈꾸미', '서울특별시 강남구 봉은사로114길 42 (삼성동)', '서울특별시 강남구 삼성동  166번지 6호  ', '한식', '쭈꾸미 낙지', '삼성1동', '02 5528334'),
(3220000, 2016, '서현실비 청담점', '서울특별시 강남구 도산대로 511 (청담동지상2층)', '서울특별시 강남구 청담동  124번지 4호  지상2층', '한식', '생고기', '청담동', '02 5457708'),
(3130000, 2006, '석양집', '서울특별시 마포구 토정로37길 9 E동 8 9호 (용강동 우성연립)', '서울특별시 마포구 용강동  39번지 1호  우성연립', '한식', '돼지갈비', '용강동', '02 7166847'),
(3230000, 2016, '석촌냉면', '서울특별시 송파구 백제고분로37길 6 지상1층 (석촌동)', '서울특별시 송파구 석촌동  77번지 5호  지상1층', '냉면집', '냉면', '석촌동', '02 4213234'),
(3230000, 2008, '석촌옛터', '서울특별시 송파구 백제고분로41길 42 (송파동1층)', '서울특별시 송파구 송파동  30번지 0호  1층', '한식', '돼지갈비', '송파1동', '02 4210043'),
(3230000, 2013, '선우가', '서울특별시 송파구 도곡로 446 지상1층 (잠실동)', '서울특별시 송파구 잠실동  305번지 21호  지상1층', '한식', '생선회. 매운탕', '잠실본동', '02 4190832'),
(3020000, 2008, '설악칡냉면', '서울특별시 용산구 임정로 93 (효창동(지상1층))', '서울특별시 용산구 효창동  3번지 59호  (지상1층)', '한식', '냉면', '효창동', '232734886'),
(3130000, 2013, '설참치 홍대점', '서울특별시 마포구 양화로15길 12 (서교동 1층)', '서울특별시 마포구 서교동  352번지 26호  ', '중국식', '참치회', '서교동', '231436811'),
(3020000, 2019, '섬집', '서울특별시 용산구 한강대로14가길 2 1층 (한강로3가)', '서울특별시 용산구 한강로3가  65번지 336호  1층', '한식', '보리굴비', '한강로동', '02 7940084'),
(3020000, 2020, '성북동소곱창', '서울특별시 용산구 한강대로 270 1층 106호 (남영동)', '서울특별시 용산구 남영동  83번지 1호  ', '한식', '황소한마리', '남영동', ''),
(3230000, 2007, '성산포', '서울특별시 송파구 석촌호수로18길 8 (석촌동)', '서울특별시 송파구 석촌동  52번지 7호  ', '한식', '생선회매운탕', '석촌동', '02 4186850'),
(3020000, 2018, '성원식당', '서울특별시 용산구 한강대로104길 8 (동자동(지상2층))', '서울특별시 용산구 동자동  39번지 7호  (지상2층)', '한식', '갈비탕', '남영동', '02 7778070'),
(3130000, 2006, '성진설렁탕', '서울특별시 마포구 마포대로8길 9 (공덕동)', '서울특별시 마포구 공덕동  249번지 12호  ', '한식', '감자탕', '아현동', '02 7154520'),
(3020000, 2001, '셰프테이너', '서울특별시 용산구 이태원로27길 101 (이태원동(지하1층))', '서울특별시 용산구 이태원동  135번지 55호  (지하1층)', '경양식', '등심스테이크', '이태원제1동', '02 7949172'),
(3220000, 2016, '소공동뚝배기', '서울특별시 강남구 봉은사로114길 38 (삼성동)', '서울특별시 강남구 삼성동  166번지 3호  ', '한식', '순두부', '삼성1동', '02 5679419'),
(3230000, 2018, '소문난최고집', '서울특별시 송파구 올림픽로32길 18-23 (방이동63-5)', '서울특별시 송파구 방이동  63번지 0호  63-5', '한식', '고기구이', '방이2동', '02 4250036'),
(3230000, 2018, '소미연', '서울특별시 송파구 가락로 86 1층 (석촌동)', '서울특별시 송파구 석촌동  273번지 2호  ', '한식', '짜장면탕수육', '석촌동', '02 4138887'),
(3230000, 2010, '소백산', '서울특별시 송파구 백제고분로39길 28 (석촌동)', '서울특별시 송파구 석촌동  180번지 5호  ', '한식', '삼겹살구이류', '석촌동', '02 4229929'),
(3220000, 2010, '소윤화', '서울특별시 강남구 강남대로94길 59 (역삼동)', '서울특별시 강남구 역삼동  636번지 15호  ', '중국식', '자장면', '역삼1동', '02 5651318'),
(3230000, 2007, '소청도 양갈비', '서울특별시 송파구 오금로15길 9 (방이동)', '서울특별시 송파구 방이동  68번지 8호  ', '한식', '복매운탕', '방이2동', '02  425 1005'),
(3220000, 2016, '소풍', '서울특별시 강남구 테헤란로87길 22 지하1층 Q101호 (삼성동 한국도심공항터미널)', '서울특별시 강남구 삼성동  159번지 6호  한국도심공항터미널 지하1층-Q101', '분식', '김밥', '삼성1동', ''),
(3000000, 2009, '솔밭숯불갈비', '서울특별시 종로구 삼일대로28길 5 (낙원동)', '서울특별시 종로구 낙원동  43번지  ', '한식', '숯불갈비', '종로1.2.3.4가동', '207653055'),
(3230000, 2020, '송가네 용두암 두루치기', '서울특별시 송파구 송파대로 201 A동 지하1층 G-116호 (문정동 송파테라타워2)', '서울특별시 송파구 문정동  642번지  ', '한식', '두루치기', '문정1동', ''),
(3230000, 2018, '송쉐프', '서울특별시 송파구 백제고분로 357 1~2층 (석촌동)', '서울특별시 송파구 석촌동  174번지 4호  근양프라자', '중국식', '전가복 게살볶음', '석촌동', '02 4211178'),
(3230000, 2016, '송어야', '서울특별시 송파구 백제고분로9길 9 지상12층 (잠실동)', '서울특별시 송파구 잠실동  194번지 1호  지상12층', '한식', '보쌈', '잠실본동', '02  417 2888'),
(3000000, 2007, '송전', '서울특별시 종로구 종로 14 (서린동)', '서울특별시 종로구 서린동  136번지  ', '일식', '생선회', '종로1.2.3.4가동', '02 7398282'),
(3230000, 2007, '송파구청', '서울특별시 송파구 올림픽로 326 (신천동)', '서울특별시 송파구 신천동  29번지 5호  ', '공공기관', '급식', '잠실6동', '221472177'),
(3230000, 2007, '송파소호정', '서울특별시 송파구 오금로13길 3 (방이동지상1층2층)', '서울특별시 송파구 방이동  65번지 4호  지상1층2층', '한식', '안동국시', '방이1동', '02 4214448'),
(3230000, 2018, '송파식당', '서울특별시 송파구 송파대로43길 15 1층 (석촌동)', '서울특별시 송파구 석촌동  283번지 8호  ', '한식', '동태탕찜', '석촌동', '02 4178568'),
(3000000, 2014, '송화정', '서울특별시 종로구 삼봉로 81 지하층 113114호 (수송동)', '서울특별시 종로구 수송동  58번지  지하-113114', '한식', '', '종로1.2.3.4가동', '02  732 8252'),
(3220000, 2016, '수담', '서울특별시 강남구 봉은사로 418 지하1층 1호 (삼성동 에이치에스타워)', '서울특별시 강남구 삼성동  113번지 0호  에이치에스타워 지하1층-1', '한식', '한정식', '삼성1동', ''),
(3020000, 2010, '수라한', '서울특별시 용산구 한강대로76길 21-11 (남영동(지상1층))', '서울특별시 용산구 남영동  105번지 2호  (지상1층)', '한식', '소갈비살', '남영동', '02 7932968'),
(3220000, 2016, '수림복국', '서울특별시 강남구 테헤란로77길 11-13 (삼성동마룡빌딩지상1층)', '서울특별시 강남구 삼성동  143번지 22호  마룡빌딩지상1층', '한식', '복어정식', '삼성2동', '5692209'),
(3220000, 2010, '수서골목냉면', '서울특별시 강남구 광평로 232 (수서동지상1층)', '서울특별시 강남구 수서동  462번지 5호  지상1층', '한식', '냉면', '수서동', '02 4517157'),
(3220000, 2010, '수유동옛날면옥', '서울특별시 강남구 논현로 312 (역삼동지상1층)', '서울특별시 강남구 역삼동  788번지 1호  지상1층', '한식', '설렁탕 냉면', '역삼2동', '5613609'),
(3020000, 2014, '수저가', '서울특별시 용산구 한강대로 264 (남영동(지상1층))', '서울특별시 용산구 남영동  88번지 3호  (지상1층)', '중국식', '중국냉면', '남영동', '02  7974443'),
(3230000, 2020, '수하동 롯데월드몰', '서울특별시 송파구 올림픽로 300 캐주얼동 지상5층 (신천동)', '서울특별시 송파구 신천동  29번지 캐주얼 지상5층', '기타', '곰탕', '잠실6동', '02  32134545'),
(3020000, 2020, '수흥', '서울특별시 용산구 한강대로 56 (한강로3가(지상1층))', '서울특별시 용산구 한강로3가  52번지  (지상1층)', '한식', '부대찌개', '한강로동', '02 7924142'),
(3230000, 2018, '숙달돼지 잠실방이점', '서울특별시 송파구 오금로13길 10-1 지상1층 (방이동)', '서울특별시 송파구 방이동  68번지 3호  지상1층', '한식', '고기구이', '방이2동', '02 4246603'),
(3020000, 2018, '숯불애닭', '서울특별시 용산구 한강대로39길 16 1층 (한강로2가)', '서울특별시 용산구 한강로2가  2번지 141호  1층', '한식', '닭갈비', '한강로동', '02 7929393'),
(3230000, 2007, '스시 어도락', '서울특별시 송파구 오금로44길 5 (가락동)', '서울특별시 송파구 가락동  174번지 12호  ', '일식', '초밥', '가락2동', '02 4490995'),
(3230000, 2007, '스시미노루', '서울특별시 송파구 백제고분로 508 지상1층 (방이동)', '서울특별시 송파구 방이동  180번지 4호  지상1층', '일식', '회전초밥', '방이2동', '02 4187711'),
(3220000, 2010, '스시히로바', '서울특별시 강남구 삼성로 620 1층 2층 (삼성동 블랙스톤리조트)', '서울특별시 강남구 삼성동  70번지  ', '일식', '초밥', '삼성1동', '02 5155511'),
(3000000, 2021, '스윗밸런스 광화문점', '서울특별시 종로구 종로1길 50 더케이트윈타워 지하1층 (중학동)', '서울특별시 종로구 중학동  19번지  더케이트윈타워', '경양식', '샐러드', '종로1.2.3.4가동', ''),
(3220000, 2010, '스카이라운지', '서울특별시 강남구 봉은사로 524 28층 (삼성동 코엑스인터컨티넨탈서울 )', '서울특별시 강남구 삼성동  159번지  코엑스인터컨티넨탈서울 28층', '경양식', '스테이크', '삼성1동', '02 5597034'),
(3000000, 2009, '스파게티가있는풍경', '서울특별시 종로구 새문안로 103-1 2층 (신문로1가)', '서울특별시 종로구 신문로1가  1번지 1호  ', '기타', '스파게티', '사직동', '02 7387018'),
(3230000, 2019, '스페인클럽 롯데월드몰', '서울특별시 송파구 올림픽로 300 캐주얼동 지상6층 (신천동)', '서울특별시 송파구 신천동  29번지 캐주얼 지상6층', '기타', '스페인음식', '잠실6동', '02  32134612'),
(3130000, 2015, '시골보쌈앤감자옹심이', '서울특별시 마포구 월드컵북로 400 지층 01호 (상암동 서울산업진흥원)', '서울특별시 마포구 상암동  1602번지  서울산업진흥원 지층-01', '한식', '구이', '상암동', ''),
(3220000, 2016, '시골진지상', '서울특별시 강남구 삼성로 535 (삼성동)', '서울특별시 강남구 삼성동  127번지 9호  ', '한식', '보리굴비정식', '삼성2동', '02 5553448'),
(3000000, 2008, '시골해장국', '서울특별시 종로구 율곡로 44-12 1층 (관훈동)', '서울특별시 종로구 관훈동  109번지 1호  ', '한식', '삼합', '종로1.2.3.4가동', '02  723 4830'),
(3130000, 2014, '신가네 수레순대 뒷고기', '서울특별시 마포구 마포대로8길 25 (공덕동지상1층)', '서울특별시 마포구 공덕동  242번지 14호  지상1층', '한식', '한식(동태탕)', '공덕동', '7026482'),
(3230000, 2017, '신기소', '서울특별시 송파구 송파대로 167 A동 G147호 (문정동 문정역테라타워)', '서울특별시 송파구 문정동  651번지  ', '일식', '돈까스우동소바', '문정1동', '220543991'),
(3230000, 2019, '신동보성', '서울특별시 송파구 법원로6길 7 2층 (문정동 송파유탑테크밸리)', '서울특별시 송파구 문정동  651번지 14호  ', '기타', '탕수육짜장면', '문정1동', ''),
(3020000, 2001, '신라갈비찜', '서울특별시 용산구 원효로 69 (원효로4가(지상1층))', '서울특별시 용산구 원효로4가  127번지 2호  (지상1층)', '한식', '매운갈비찜', '원효로제2동', '02 7191290'),
(3220000, 2010, '신마포갈매기 삼성역점', '서울특별시 강남구 삼성로104길 28 (삼성동)', '서울특별시 강남구 삼성동  153번지 28호  ', '한식', '돼지갈매기살', '삼성1동', '02 5569106'),
(3220000, 2010, '신사뻘낙지', '서울특별시 강남구 도산대로8길 7 (논현동지상1층)', '서울특별시 강남구 논현동  4번지 7호  지상1층', '한식', '낙지', '논현1동', '234483392'),
(3230000, 2007, '신서방', '서울특별시 송파구 오금로46길 16 (가락동)', '서울특별시 송파구 가락동  174번지 22호  ', '한식', '부대찌개', '가락2동', '02 4493670'),
(3000000, 2018, '신안촌', '서울특별시 종로구 경희궁2길 14-4 지층.1.2층 (내수동)', '서울특별시 종로구 내수동  110번지 35호  지층.1.2층', '한식', '낙지 홍어', '사직동', ''),
(3130000, 2006, '신원복집식당', '서울특별시 마포구 홍익로 29 2층동 (서교동)', '서울특별시 마포구 서교동  354번지 2호 2층 ', '복어취급', '복', '서교동', '02 3331977'),
(3220000, 2016, '신의주 부대찌개 삼성점', '서울특별시 강남구 봉은사로108길 3-10 (삼성동)', '서울특별시 강남구 삼성동  162번지 19호  ', '한식', '부대찌개', '삼성1동', '02 5385503'),
(3230000, 2018, '신의주 부대찌개(방이역점)', '서울특별시 송파구 위례성대로18길 28-20 지상1층 (방이동)', '서울특별시 송파구 방이동  201번지 4호  지상1층', '기타', '부대찌개', '방이1동', '02 4228283'),
(3020000, 2014, '신의주부대찌개', '서울특별시 용산구 한강대로62가길 20 (용산동3가(지상1층))', '서울특별시 용산구 용산동3가  1번지 2호  (지상1층)', '한식', '부대찌개', '한강로동', '02 7941408'),
(3220000, 2012, '신의주찹쌀순대', '서울특별시 강남구 양재대로27길 6 (일원동지상1층)', '서울특별시 강남구 일원동  685번지 7호  지상1층', '한식', '순대국밥', '일원1동', ''),
(3130000, 2007, '신의주찹쌀순대전문점', '서울특별시 마포구 서강로 128 (노고산동)', '서울특별시 마포구 노고산동  109번지 154호  ', '한식', '찹쌀순대', '대흥동', '02  715 1772'),
(3230000, 2014, '신촌 서연 황소곱창', '서울특별시 송파구 위례성대로20길 32 지상1층 (오금동)', '서울특별시 송파구 오금동  17번지 12호  지상1층', '한식', '곱창', '오금동', '02 4020770'),
(3220000, 2014, '신촌설렁탕', '서울특별시 강남구 선릉로 530 (삼성동지상2층)', '서울특별시 강남구 삼성동  140번지  지상2층', '한식', '설렁탕', '삼성2동', ''),
(3220000, 2016, '신촌설렁탕 강남구청역점', '서울특별시 강남구 선릉로 670 (삼성동지하1층)', '서울특별시 강남구 삼성동  1번지 4호  지하1층', '한식', '설렁탕', '삼성1동', '5451551'),
(3130000, 2016, '신흥부전', '서울특별시 마포구 월드컵북로44길 30-5 (상암동)', '서울특별시 마포구 상암동  18번지 10호  ', '한식', '', '상암동', ''),
(3000000, 2007, '싱글벙글 복어(종로점)', '서울특별시 종로구 돈화문로11길 30 (낙원동)', '서울특별시 종로구 낙원동  121번지 1호  ', '한식', '복어', '종로1.2.3.4가동', '02 7430787'),
(3130000, 2006, '쌍마막회', '서울특별시 마포구 토정로 257 (용강동)', '서울특별시 마포구 용강동  494번지 36호  ', '한식', '해장국', '용강동', '02 7141233'),
(3230000, 2016, '쌜모네키친', '서울특별시 송파구 중대로 60-13 지하1 지상12층 (문정동)', '서울특별시 송파구 문정동  150번지 32호  지하1 지상12층', '기타', '연어 파스타', '문정2동', '02 4513923'),
(3230000, 2008, '썸 퓨전 육류요리', '서울특별시 송파구 올림픽로10길 8 지상1층 (잠실동)', '서울특별시 송파구 잠실동  179번지 1호  지상1층', '한식', '육류구이(쇠고기 돼지고기)', '잠실본동', '02 4036229'),
(3130000, 2020, '쎈다이', '서울특별시 마포구 만리재로 15 (공덕동)', '서울특별시 마포구 공덕동  256번지 13호  ', '일식', '회', '아현동', '02 7187288'),
(3220000, 2010, '씨작', '서울특별시 강남구 언주로 711 (논현동지하1층)', '서울특별시 강남구 논현동  71번지 2호  지하1층', '뷔페식', '뷔페', '논현2동', '02  545 2222'),
(3020000, 2007, '씨제이푸드빌(주)더플레이스다이닝&BBIS', '서울특별시 용산구 남산공원길 126 (용산동2가 서울타워 광장12층)', '서울특별시 용산구 용산동2가  1번지 3호  서울타워 광장12층', '경양식', '파스타', '용산2가동', '234559220'),
(3220000, 2010, '씨제이푸드빌(주)빕스도곡역점', '서울특별시 강남구 남부순환로 2912 (대치동센트럴500상가지하1층)', '서울특별시 강남구 대치동  500번지 0호  센트럴500상가지하1층', '경양식', '스테이크', '대치1동', '02 5691997'),
(3020000, 2007, '씨제이푸드빌(주)엔그릴', '서울특별시 용산구 남산공원길 126 (용산동2가 서울타워 전망5층)', '서울특별시 용산구 용산동2가  1번지 3호  서울타워 전망5층', '경양식', '스테이크', '용산2가동', '221055727'),
(3020000, 2007, '씨제이푸드빌(주)한쿡', '서울특별시 용산구 남산공원길 126 (용산동2가 서울타워 전망1층)', '서울특별시 용산구 용산동2가  1번지 3호  서울타워 전망1층', '한식', '한정식', '용산2가동', '02 34559292'),
(3230000, 2013, '아궁이왕돌구이', '서울특별시 송파구 백제고분로7길 15-5 1층 (잠실동)', '서울특별시 송파구 잠실동  178번지 5호  ', '한식', '삼겹살 돌솥밥정식', '잠실본동', '02 4143949'),
(3020000, 2009, '아그라(Agra)', '서울특별시 용산구 이태원로 153 (이태원동덕흥빌딩(지하1층))', '서울특별시 용산구 이태원동  172번지 2호  덕흥빌딩(지하1층)', '경양식', '카레', '이태원제1동', '02 7977262'),
(3230000, 2018, '아리솔', '서울특별시 송파구 송파대로 167 문정역테라타워 A동 G157호 (문정동)', '서울특별시 송파구 문정동  651번지  문정역테라타워', '한식', '족발', '문정1동', '220548757'),
(3220000, 2010, '아방궁', '서울특별시 강남구 역삼로1길 18 (역삼동지상2층)', '서울특별시 강남구 역삼동  831번지 32호  지상2층', '중국식', '짬뽕', '역삼1동', '02 5085010'),
(3220000, 2010, '아시안라이브', '서울특별시 강남구 봉은사로 524 2층 (삼성동 인터컨티넨탈 서울 코엑스)', '서울특별시 강남구 삼성동  159번지  ', '경양식', '퓨전음식', '삼성1동', '2'),
(3230000, 2016, '아시안테이블', '서울특별시 송파구 삼전로 100 201202호 (삼전동 아카데미빌딩)', '서울특별시 송파구 삼전동  1번지 3호  아카데미빌딩 지상2층 201202호', '기타', '베트남쌀국수', '삼전동', '02 4157720'),
(3220000, 2010, '아야진생태찌개', '서울특별시 강남구 삼성로108길 8 (삼성동(101호))', '서울특별시 강남구 삼성동  150번지 2호  (101호)', '한식', '생태찌개', '삼성1동', '02  555 2680'),
(3220000, 2016, '아야진생태찌개 역삼점', '서울특별시 강남구 논현로 329 지상123층 (역삼동)', '서울특별시 강남구 역삼동  797번지 11호  지상123층', '한식', '생태찌개', '역삼2동', ''),
(3220000, 2016, '아오끼', '서울특별시 강남구 선릉로100길 30 (삼성동지상1층)', '서울특별시 강남구 삼성동  140번지 17호  지상1층', '일식', '회정식', '삼성2동', '02 5691586'),
(3230000, 2010, '아우네포차', '서울특별시 송파구 오금로46길 14 (가락동1층)', '서울특별시 송파구 가락동  174번지 21호  1층', '한식', '전류', '가락본동', '02  409 6646'),
(3220000, 2010, '아웃백스테이크하우스도곡점', '서울특별시 강남구 남부순환로 2909 (대치동지하1층)', '서울특별시 강남구 대치동  651번지 0호  지하1층', '경양식', '스테이크', '대치1동', '30197112'),
(3020000, 2009, '아이오유(I.O.U)', '서울특별시 용산구 원효로1길 16 (청암동(지상12층))', '서울특별시 용산구 청암동  164번지  (지상12층)', '경양식', '파스타', '원효로제2동', '02  32751151'),
(3220000, 2016, '안동찜닭 해물떡찜', '서울특별시 강남구 영동대로 513 지하1층 M109호 (삼성동 B1 코엑스몰)', '서울특별시 강남구 삼성동  159번지  지하1층', '한식', '안동찜닭', '삼성1동', '260026447'),
(3230000, 2018, '안동한우 정육식당', '서울특별시 송파구 동남로 299 1층 (오금동)', '서울특별시 송파구 오금동  128번지 1호  남성빌딩', '한식', '고기구이', '오금동', '234019279'),
(3130000, 2014, '안동한우마을', '서울특별시 마포구 동교로 162 (서교동)', '서울특별시 마포구 서교동  351번지 24호  ', '한식', '한우구이', '서교동', '02 3249139'),
(3220000, 2010, '안박사 남원추어탕', '서울특별시 강남구 광평로46길 5-7 (수서동)', '서울특별시 강남구 수서동  450번지 5호  ', '한식', '추어탕', '수서동', '22260501'),
(3220000, 2017, '안사부', '서울특별시 강남구 테헤란로8길 32 지상1층 (역삼동)', '서울특별시 강남구 역삼동  827번지 59호  지상1층', '중국식', '자장면', '역삼1동', ''),
(3220000, 2016, '안사부 짬뽕 전문점', '서울특별시 강남구 언주로 323 지상2층 201호 (역삼동)', '서울특별시 강남구 역삼동  773번지 8호  ', '중국식', '짬', '역삼1동', ''),
(3220000, 2016, '안성 두루치기', '서울특별시 강남구 삼성로100길 23-6 (삼성동)', '서울특별시 강남구 삼성동  153번지 57호  ', '한식', '두루치기', '삼성1동', '02 5019444'),
(3230000, 2009, '안준수보리밥', '서울특별시 송파구 백제고분로41길 43-5 (송파동1층)', '서울특별시 송파구 송파동  8번지 2호  1층', '기타', '보리밥 곤드레밥', '송파1동', '02 4160671'),
(3230000, 2009, '알루메(AL Lume)', '서울특별시 송파구 백제고분로9길 36 (잠실동)', '서울특별시 송파구 잠실동  204번지  ', '경양식', '파스타 스테이크', '잠실본동', '02 4211126'),
(3020000, 2019, '알바트로즈', '서울특별시 용산구 한강대로77길 11 (갈월동)', '서울특별시 용산구 갈월동  98번지 1호  ', '한식', '돼지고기모듬', '남영동', '02 7170398'),
(3230000, 2008, '알천생태찌개', '서울특별시 송파구 백제고분로9길 6 A동 지상1층 (잠실동)', '서울특별시 송파구 잠실동  197번지 7호 A 지상1층', '한식', '', '잠실본동', '222026633'),
(3220000, 2014, '압구정 샤브샤브', '서울특별시 강남구 논현로175길 42 지상2층 (신사동)', '서울특별시 강남구 신사동  574번지 5호  지상2층', '한식', '샤브샤브', '신사동', '02  515 2526'),
(3230000, 2018, '양가', '서울특별시 송파구 중대로 304 1층 (오금동)', '서울특별시 송파구 오금동  89번지  천진빌딩', '한식', '양갈비', '오금동', '260147533'),
(3220000, 2016, '양가집', '서울특별시 강남구 논현로 54 지상1층 (개포동)', '서울특별시 강남구 개포동  1228번지 5호  지상1층', '경양식', '양고기', '개포4동', ''),
(3020000, 2015, '양귀비짬뽕', '서울특별시 용산구 후암로 38 지상1층 (후암동 추빌딩)', '서울특별시 용산구 후암동  244번지 9호  지상1층', '중국식', '짬뽕', '후암동', '02 7765200'),
(3000000, 2007, '양반댁', '서울특별시 종로구 인사동길 19-18 1층 (인사동)', '서울특별시 종로구 인사동  193번지 5호  ', '한식', '한정식', '종로1.2.3.4가동', '02 7301112'),
(3130000, 2008, '양산박', '서울특별시 마포구 마포대로4길 37 (도화동1층)', '서울특별시 마포구 도화동  159번지 1호  1층', '한식', '콩나물국밥', '도화동', '02  711 0888'),
(3000000, 2019, '양선생', '서울특별시 종로구 새문안로3길 36 (내수동용비어천가 지층 B103호)', '서울특별시 종로구 내수동  75번지  용비어천가 지층 B103호', '중국식', '짜장면', '사직동', '02 7339981'),
(3130000, 2006, '양촌리', '서울특별시 마포구 토정로 304 (용강동)', '서울특별시 마포구 용강동  50번지 2호  ', '일식', '회', '용강동', '02 7010455'),
(3130000, 2013, '양평막국수', '서울특별시 마포구 월드컵북로44길 57 (상암동1층)', '서울특별시 마포구 상암동  36번지 8호  1층', '한식', '막국수닭갈비', '상암동', '3060833'),
(3000000, 2014, '양평추어탕', '서울특별시 종로구 자하문로10길 10-17 (통의동)', '서울특별시 종로구 통의동  91번지 38호  ', '분식', '', '사직동', '02 7386739'),
(3230000, 2011, '양평해장국', '서울특별시 송파구 올림픽로8길 11 (잠실동)', '서울특별시 송파구 잠실동  178번지 1호  ', '한식', '해장국', '잠실본동', '02 4131126'),
(3130000, 2006, '양화정', '서울특별시 마포구 월드컵로1길 17 1층 (합정동)', '서울특별시 마포구 합정동  383번지 26호  ', '한식', '돼지갈비', '합정동', '02 3235777'),
(3230000, 2008, '어부횟집', '서울특별시 송파구 오금로15길 7 지상1층 (방이동)', '서울특별시 송파구 방이동  67번지 10호  지상1층', '일식', '', '방이2동', '02 4209704'),
(3230000, 2007, '어양', '서울특별시 송파구 위례성대로 14 지하1층 (방이동)', '서울특별시 송파구 방이동  45번지  지하1층', '한식', '팔보채 탕수육', '방이2동', '02 4228886'),
(3130000, 2014, '엉터리생고기', '서울특별시 마포구 토정로 170 (신정동 1층일부 2층일부)', '서울특별시 마포구 신정동  2번지 1호  ', '한식', '소한마리', '신수동', '02  337 5556'),
(3230000, 2017, '에머이 문정점', '서울특별시 송파구 송파대로 167 A동 지하1층 G122G123호 (문정동 문정역테라타워)', '서울특별시 송파구 문정동  651번지  ', '기타', '쌀국수', '문정1동', '220548538'),
(3000000, 2016, '에코밥상', '서울특별시 종로구 사직로 127-14 (적선동)', '서울특별시 종로구 적선동  94번지  ', '한식', '한정식', '사직동', '02  736 9136'),
(3230000, 2018, '에핑', '서울특별시 송파구 오금로36길 13-1 가락동양씨빌딩 (가락동)', '서울특별시 송파구 가락동  18번지 10호  가락동양씨빌딩', '중국식', '짬뽕탕수육', '가락본동', '02 4000201'),
(3020000, 2019, '엘피노323', '서울특별시 용산구 녹사평대로 220 지상2층 (이태원동)', '서울특별시 용산구 이태원동  559번지  지상2층', '외국음식전문점(인도태국등)', '치킨엔칠라다', '이태원제2동', '7089876248'),
(3220000, 2010, '엠브이샤브샤브', '서울특별시 강남구 남부순환로 2936 (대치동원플러스상가지하1층105106호)', '서울특별시 강남구 대치동  507번지 0호  원플러스상가지하1층105106호', '한식', '샤브샤브', '대치1동', '5617573'),
(3130000, 2018, '여우골초밥', '서울특별시 마포구 월드컵북로1길 20 (서교동1F)', '서울특별시 마포구 서교동  352번지 16호  1F', '한식', '초밥', '서교동', '02 3386692'),
(3220000, 2017, '역삼어촌계', '서울특별시 강남구 역삼로17길 64 (역삼동지하1층)', '서울특별시 강남구 역삼동  738번지 1호  지하1층', '통닭(치킨)', '회', '역삼1동', '02  539 5678'),
(3130000, 2013, '역전회관일구이구', '서울특별시 마포구 토정로37길 47 지하1~지상4층 (염리동)', '서울특별시 마포구 염리동  173번지 21호  ', '한식', '바싹불고기', '용강동', '02 7030019'),
(3220000, 2014, '연남토마(강남점)', '서울특별시 강남구 강남대로106길 15 (역삼동)', '서울특별시 강남구 역삼동  811번지 14호  ', '한식', '만두', '역삼1동', '25573903'),
(3220000, 2016, '연스시', '서울특별시 강남구 테헤란로37길 15 (역삼동번지 지하1층)', '서울특별시 강남구 역삼동  677번지 6호  번지 지하1층', '일식', '스시정식', '역삼1동', '02  501 4411'),
(3230000, 2018, '연안부두 횟집', '서울특별시 송파구 오금로13길 11 1층 (방이동)', '서울특별시 송파구 방이동  62번지 5호  반석빌딩', '한식', '회', '방이1동', '02 4199897'),
(3230000, 2011, '연안식당 방이점', '서울특별시 송파구 오금로 101 지상1층 (방이동)', '서울특별시 송파구 방이동  65번지 3호  지상1층', '한식', '생태해산물', '방이2동', '02 4251221'),
(3220000, 2010, '연타발', '서울특별시 강남구 도산대로 231 (신사동지상23층)', '서울특별시 강남구 신사동  629번지 32호  지상23층', '경양식', '곱창', '압구정동', ''),
(3220000, 2017, '연화산', '서울특별시 강남구 언주로93길 31 (역삼동지상2층)', '서울특별시 강남구 역삼동  677번지 1호  지상2층', '중국식', '중식', '역삼1동', '02 5585375'),
(3020000, 2001, '열해', '서울특별시 용산구 이촌로 248 (이촌동(한강맨션 21동 201호))', '서울특별시 용산구 이촌동  300번지 26호  (한강맨션 21동 201호)', '일식', '모듬생선회', '이촌제1동', '02793 1188'),
(3220000, 2009, '영덕막회', '서울특별시 강남구 테헤란로25길 13 (역삼동)', '서울특별시 강남구 역삼동  644번지 10호  ', '한식', '물회', '역삼1동', '205628128'),
(3230000, 2007, '영동족발 방이점', '서울특별시 송파구 오금로13길 3-20 지상1층 (방이동)', '서울특별시 송파구 방이동  64번지 3호  지상1층', '한식', '낙지해물', '방이2동', '02 4170355'),
(3230000, 2007, '영미식당', '서울특별시 송파구 충민로 81-14 123층 (문정동)', '서울특별시 송파구 문정동  75번지 3호  지상123층', '한식', '탕류', '장지동', '02 4021007'),
(3000000, 2012, '영산강', '서울특별시 종로구 창신길 3 (창신동)', '서울특별시 종로구 창신동  693번지 1호  ', '경양식', '한정식', '창신제2동', '02 7639340'),
(3220000, 2016, '영천영화', '서울특별시 강남구 도산대로90길 3 (청담동상민빌딩 12층)', '서울특별시 강남구 청담동  50번지 13호  상민빌딩 12층', '한식', '한우', '청담동', '234420381'),
(3220000, 2016, '예가낙지마을', '서울특별시 강남구 영동대로 513 지하1층 O-110호 (삼성동 스타필드 코엑스몰)', '서울특별시 강남구 삼성동  159번지  스타필드 코엑스몰 지하1층-O-110', '한식', '낙지 볶음 덮밥', '삼성1동', ''),
(3220000, 2016, '예담한우', '서울특별시 강남구 테헤란로25길 28 (역삼동충암빌딩 지상1층)', '서울특별시 강남구 역삼동  641번지 16호  충암빌딩 지상1층', '한식', '고기구이', '역삼1동', ''),
(3220000, 2010, '예당', '서울특별시 강남구 언주로153길 5 (신사동지하1층1234층)', '서울특별시 강남구 신사동  628번지 20호  지하1층1234층', '한식', '한정식', '압구정동', '02 5462535'),
(3220000, 2016, '예소담', '서울특별시 강남구 광평로 238 (수서동)', '서울특별시 강남구 수서동  451번지 13호  ', '한식', '훈제오리', '수서동', ''),
(3220000, 2011, '예천생균제한우타운', '서울특별시 강남구 삼성로103길 5 (삼성동지상1층)', '서울특별시 강남구 삼성동  127번지 1호  지상1층', '한식', '한우구이', '삼성2동', ''),
(3230000, 2020, '예향정 가든파이브점', '서울특별시 송파구 충민로 66 가든파이브라이프 테크노관 5층 (문정동)', '서울특별시 송파구 문정동  634번지  가든파이브라이프', '기타', '두루치기', '문정1동', ''),
(3220000, 2014, '옛골토성강남점', '서울특별시 강남구 강남대로 442 (역삼동C동1층)', '서울특별시 강남구 역삼동  814번지 5호  C동1층', '한식', '훈제요리', '역삼1동', ''),
(3230000, 2014, '옛날농장', '서울특별시 송파구 올림픽로32길 19-10 지상1층 (방이동)', '서울특별시 송파구 방이동  60번지 1호  지상1층', '한식', '돼지갈비 삼겹살', '방이1동', '02 4162566'),
(3220000, 2010, '옛날집', '서울특별시 강남구 선릉로148길 38 (청담동지하1층)', '서울특별시 강남구 청담동  20번지 12호  지하1층', '한식', '명란정식', '청담동', '02  549 7888'),
(3220000, 2010, '옛날집 도산사거리점', '서울특별시 강남구 언주로153길 12 (신사동지하1층)', '서울특별시 강남구 신사동  626번지 70호  지하1층', '중국식', '된장찌개', '압구정동', '5155867'),
(3230000, 2018, '오 심숙이 쭈삼낙', '서울특별시 송파구 송파대로30길 19-11 1층 (가락동)', '서울특별시 송파구 가락동  82번지 8호  ', '한식', '낙지쭈꾸미 삼겹', '가락본동', '02 4309399'),
(3000000, 2018, '오두막', '서울특별시 종로구 새문안로7길 16 1층 (당주동)', '서울특별시 종로구 당주동  24번지 4호  ', '기타', '곤드레밥', '사직동', '02  734 3371'),
(3220000, 2019, '오레노카츠', '서울특별시 강남구 삼성로81길 37 1층 (대치동)', '서울특별시 강남구 대치동  901번지 38호  1층', '한식', '수제생돈가스', '대치4동', '02  565 5123'),
(3020000, 2011, '오메가3치킨영양삼계탕', '서울특별시 용산구 이촌로64길 61 (이촌동)', '서울특별시 용산구 이촌동  302번지 64호  ', '한식', '삼계탕', '이촌제1동', '02 7907555'),
(3220000, 2010, '오미가', '서울특별시 강남구 논현로 833 (신사동)', '서울특별시 강남구 신사동  585번지 0호  ', '한식', '한정식', '신사동', '02 5431145'),
(3230000, 2007, '오발탄(주)에이치알푸드', '서울특별시 송파구 위례성대로 206 (오금동)', '서울특별시 송파구 오금동  4번지 13호  ', '한식', '삼겹살', '오금동', '02 4040090'),
(3220000, 2010, '오발탄(주)오발탄에프에스', '서울특별시 강남구 삼성로 606 (삼성동지상12층)', '서울특별시 강남구 삼성동  71번지 14호  지상12층', '한식', '양대창구이', '삼성1동', '02 5438656'),
(3230000, 2018, '오복미역', '서울특별시 송파구 위례성대로 56 1층 (방이동 방이동그린파크아파트)', '서울특별시 송파구 방이동  177번지 6호  방이동그린파크아파트', '한식', '미역국', '방이1동', '222027070'),
(3020000, 2020, '오복함흥냉면', '서울특별시 용산구 한강대로84길 4 1층 (남영동)', '서울특별시 용산구 남영동  61번지 3호  1층', '냉면집', '회냉면', '남영동', '02  718 0446'),
(3230000, 2007, '오서방네 무한리필', '서울특별시 송파구 새말로8길 23 (문정동)', '서울특별시 송파구 문정동  76번지 3호  ', '한식', '돼지갈비', '문정1동', '02 4302700'),
(3230000, 2011, '오시리또오시리', '서울특별시 송파구 오금로15길 7-20 (방이동1.2층)', '서울특별시 송파구 방이동  68번지 9호  1.2층', '한식', '홍어삼합 갈치조림', '방이2동', '02 4210840'),
(3230000, 2018, '오쓰세이로무시', '서울특별시 송파구 백제고분로45길 30 (송파동)', '서울특별시 송파구 송파동  56번지 2호  ', '한식', '찜요리(세이로무시)', '송파1동', '02 4192222'),
(3230000, 2018, '옥이네 생고기', '서울특별시 송파구 송이로31길 4-17 1층 (문정동)', '서울특별시 송파구 문정동  121번지 1호  ', '한식', '감자탕', '문정1동', '02 4005220'),
(3000000, 2008, '옥정', '서울특별시 종로구 인사동12길 18 1층 (관훈동)', '서울특별시 종로구 관훈동  84번지 22호  ', '한식', '한정식', '종로1.2.3.4가동', '02 7335412'),
(3230000, 2011, '옹고집 꽃게장', '서울특별시 송파구 새말로 175 지상1층 (문정동)', '서울특별시 송파구 문정동  111번지 10호  지상1층', '한식', '꽃게탕 찜', '문정1동', '02 4028380'),
(3130000, 2007, '옹기', '서울특별시 마포구 마포대로 144 지하1층 (공덕동 태영빌딩)', '서울특별시 마포구 공덕동  252번지 5호  ', '한식', '수제비', '공덕동', '02 7140116'),
(3220000, 2010, '와인앤다인', '서울특별시 강남구 영동대로 737 (청담동1층)', '서울특별시 강남구 청담동  53번지 7호  1층', '한식', '삭스핀', '청담동', '02 5413111'),
(3220000, 2010, '완산골명가(일원점)', '서울특별시 강남구 일원로9길 46 (일원동지상1층)', '서울특별시 강남구 일원동  666번지 10호  지상1층', '한식', '콩나물 국밥', '일원1동', ''),
(3230000, 2012, '왕돌구이집', '서울특별시 송파구 오금로15길 9-12 지상1층 (방이동)', '서울특별시 송파구 방이동  69번지 10호  지상1층', '한식', '돼지고기구이', '방이2동', '02 4230333'),
(3000000, 2012, '왕비집 종로점', '서울특별시 종로구 삼일대로15길 24 (관철동지상2층~4층)', '서울특별시 종로구 관철동  12번지 11호  지상2층~4층', '한식', '고기', '종로1.2.3.4가동', '02 7383892'),
(3130000, 2008, '외양간', '서울특별시 마포구 성미산로 13 (성산동 1층)', '서울특별시 마포구 성산동  250번지 25호  ', '한식', '소갈비', '성산제1동', '3347942'),
(3230000, 2019, '요기 뎅', '서울특별시 송파구 법원로4길 5 송파법조타운푸르지오 1층 101호 (문정동)', '서울특별시 송파구 문정동  652번지  송파법조타운푸르지오', '분식', '분식', '문정2동', ''),
(3020000, 2017, '요리상점', '서울특별시 용산구 한강대로88길 11-19 1층 (남영동)', '서울특별시 용산구 남영동  13번지 1호  ', '중국식', '짬뽕', '남영동', '02 7952504'),
(3130000, 2009, '욕지도', '서울특별시 마포구 마포대로16길 13 (아현동 1층)', '서울특별시 마포구 아현동  421번지 7호  ', '일식', '막썰이회', '아현동', '02 3136007'),
(3130000, 2010, '용가', '서울특별시 마포구 마포대로11길 7-6 (공덕동1~2층 232-16 1층)', '서울특별시 마포구 공덕동  232번지 6호  1~2층 232-16 1층', '중국식', '팔보채전가복', '공덕동', '02 7021555'),
(3000000, 2009, '용금옥', '서울특별시 종로구 자하문로 41-2 (통인동)', '서울특별시 종로구 통인동  118번지 5호  ', '탕류(보신용)', '추어탕', '청운효자동', '02 7774749'),
(3020000, 2016, '용산대식가', '서울특별시 용산구 한강대로15길 23 지상2층 (한강로3가)', '서울특별시 용산구 한강로3가  40번지 171호  지상2층', '일식', '피데기찜', '한강로동', ''),
(3020000, 2018, '용산양꼬치', '서울특별시 용산구 백범로99길 60 1층 (한강로1가)', '서울특별시 용산구 한강로1가  256번지  1층', '한식', '양다리통구이', '한강로동', '02 7499088'),
(3220000, 2014, '용수사', '서울특별시 강남구 삼성로86길 7 (대치동지상2층)', '서울특별시 강남구 대치동  942번지 5호  지상2층', '일식', '회', '대치2동', '02  567 1516'),
(3230000, 2018, '용호동낙지 방이점', '서울특별시 송파구 오금로11길 30 1층 (방이동)', '서울특별시 송파구 방이동  59번지 3호  전원빌딩', '한식', '낙지요리', '방이1동', '02 4130011'),
(3230000, 2017, '용호동낙지 현대가든파이브 아울렛점', '서울특별시 송파구 충민로 66 5층 (문정동 가든파이브라이프 테크노관  현대시티몰)', '서울특별시 송파구 문정동  634번지  ', '한식', '낙지요리', '문정1동', '02 7729031'),
(3020000, 2015, '우담', '서울특별시 용산구 한강대로104길 38 (동자동(지상1층))', '서울특별시 용산구 동자동  23번지 29호  (지상1층)', '한식', '양고기', '남영동', ''),
(3220000, 2010, '우도', '서울특별시 강남구 역삼로17길 60 (역삼동케이에스빌딩1층)', '서울특별시 강남구 역삼동  738번지 0호  케이에스빌딩1층', '일식', '회탕', '역삼1동', '5010706'),
(3230000, 2019, '우리강산 별관', '서울특별시 송파구 위례성대로12길 6 지상1층 (방이동)', '서울특별시 송파구 방이동  164번지 2호  지상1층', '일식', '등심', '방이1동', '02 4157131'),
(3230000, 2008, '우리집맛집', '서울특별시 송파구 올림픽로 289 (신천동잠실시그마타워 지하1층B101-67호)', '서울특별시 송파구 신천동  7번지 19호  잠실시그마타워 지하1층B101-67호', '한식', '', '잠실4동', ''),
(3130000, 2009, '우림집', '서울특별시 마포구 토정로37길 13 1층 (용강동)', '서울특별시 마포구 용강동  38번지 2호  ', '한식', '한식', '용강동', '02 7124650'),
(3220000, 2019, '우미 호타루', '서울특별시 강남구 선릉로86길 12 지상2층 (대치동)', '서울특별시 강남구 대치동  897번지 15호  ', '일식', '메밀국수 모듬전', '대치2동', ''),
(3220000, 2019, '우미노이', '서울특별시 강남구 도산대로89길 12 (청담동지상1층 104호)', '서울특별시 강남구 청담동  125번지 0호  지상1층 104호', '일식', '회', '청담동', ''),
(3230000, 2018, '우미소', '서울특별시 송파구 오금로13길 15 2층 (방이동 은정빌라)', '서울특별시 송파구 방이동  62번지 7호  은정빌라', '중국식', '샤브샤브', '방이1동', '02 4167907'),
(3230000, 2016, '우쿠야 가락점', '서울특별시 송파구 송파대로30길 16 101호 (가락동 두산위브 지하 )', '서울특별시 송파구 가락동  98번지  두산위브 지하-101', '한식', '샤브샤브우동돈까스', '가락본동', '02 4309282'),
(3230000, 2011, '우호 갈비와 삼계탕', '서울특별시 송파구 위례중앙로 10 지상1 지하1층 (장지동)', '서울특별시 송파구 장지동  646번지 7호  지상1 지하1층', '한식', '점심특선A', '장지동', '02 4009267'),
(3230000, 2009, '원광', '서울특별시 송파구 삼전로8길 9 (삼전동)', '서울특별시 송파구 삼전동  6번지 9호  ', '한식', '', '삼전동', '02 4211518'),
(3130000, 2019, '원당감자탕', '서울특별시 마포구 도화길 35 1층일부 (도화동)', '서울특별시 마포구 도화동  179번지 1호  ', '한식', '감자탕', '도화동', ''),
(3230000, 2012, '원조감자탕', '서울특별시 송파구 풍성로25길 34 지상1층 (풍납동)', '서울특별시 송파구 풍납동  484번지 21호  지상1층', '한식', '감자탕', '풍납1동', '02 4706605'),
(3220000, 2010, '원조닭칼국수', '서울특별시 강남구 논현로10길 13 (개포동지상1층)', '서울특별시 강남구 개포동  1193번지 7호  지상1층', '분식', '', '개포4동', '234614424'),
(3220000, 2014, '원조본점본가닭한마리', '서울특별시 강남구 논현로10길 13 (개포동)', '서울특별시 강남구 개포동  1193번지 7호  ', '한식', '닭', '개포4동', '234614422'),
(3220000, 2014, '원조소금구이', '서울특별시 강남구 개포로22길 15 1층 (개포동 광림빌딩)', '서울특별시 강남구 개포동  1218번지 3호  광림빌딩 1층', '한식', '소금구이', '개포1동', ''),
(3230000, 2020, '원할머니국수보쌈 제2롯데월드점', '서울특별시 송파구 올림픽로 300 롯데월드몰 한식코너 6층 (신천동)', '서울특별시 송파구 신천동  29번지  롯데월드타워앤드롯데월드몰', '한식', '보쌈', '잠실4동', '02  32134545'),
(3020000, 2005, '원할머니보쌈 남영점', '서울특별시 용산구 한강대로 254 (남영동(지상1층))', '서울특별시 용산구 남영동  128번지  (지상1층)', '한식', '보쌈', '남영동', '02 7921318'),
(3130000, 2013, '원할머니보쌈마포공덕점', '서울특별시 마포구 마포대로 173 (공덕동 마포현대하이엘 1층 118119호)', '서울특별시 마포구 공덕동  463번지  ', '한식', '보쌈정식', '공덕동', ''),
(3130000, 2016, '월드아구찜', '서울특별시 마포구 월드컵로34길 13 203-1203-2호 (성산동 상암월드시티)', '서울특별시 마포구 성산동  590번지 5호  상암월드시티-203-1', '한식', '아구찜 탕', '성산제2동', '02 22992409'),
(3130000, 2008, '월매네남원추어탕', '서울특별시 마포구 마포대로14길 19-1 (공덕동1층)', '서울특별시 마포구 공덕동  105번지 229호  1층', '한식', '추어탕', '공덕동', '02  704 5333'),
(3020000, 2003, '웨스턴차이나', '서울특별시 용산구 독서당로 73 (한남동)', '서울특별시 용산구 한남동  263번지 10호  ', '중국식', '딤섬', '한남동', '02 7956751'),
(3230000, 2016, '윗세오름', '서울특별시 송파구 삼학사로 87 (삼전동)', '서울특별시 송파구 삼전동  131번지 14호  ', '한식', '제주오겹살', '삼전동', '02 4228577'),
(3230000, 2018, '유메일식', '서울특별시 송파구 오금로13길 6 오선빌딩 2층 (방이동)', '서울특별시 송파구 방이동  67번지  오선빌딩', '일식', '회', '방이1동', '02 4209295'),
(3230000, 2007, '유모멘트(주) 아펠가모 잠실점', '서울특별시 송파구 올림픽로35길 137 지하1층 (신천동)', '서울특별시 송파구 신천동  7번지 11호  지하1층', '기타', '한식양식', '잠실4동', '02  21442202'),
(3020000, 2018, '유진막국수', '서울특별시 용산구 장문로 18 (동빙고동(지상1층))', '서울특별시 용산구 동빙고동  7번지 19호  (지상1층)', '한식', '막국수', '서빙고동', '02 7972307'),
(3230000, 2007, '유천냉면', '서울특별시 송파구 강동대로3길 22 1층 (풍납동)', '서울특별시 송파구 풍납동  397번지 18호  유천칡냉면', '한식', '냉면전문', '풍납1동', '02 4194000'),
(3230000, 2007, '유한가락마당', '서울특별시 송파구 양재대로 932 판매동 3층 6-1호 (가락동 가락시장 가락몰)', '서울특별시 송파구 가락동  600번지  ', '한식', '생태아구찌게', '가락본동', '02 4092107'),
(3230000, 2007, '유한회사 성전일식', '서울특별시 송파구 양재대로 932 판매동 3층 19-1호 (가락동 농수산물시장내)', '서울특별시 송파구 가락동  600번지  ', '일식', '일식', '가락본동', '02 4072981'),
(3230000, 2007, '유한회사 유정씨푸드', '서울특별시 송파구 양재대로 932 판매동 3층 5호-1호 (가락동 가락동농수산물도매시장내)', '서울특별시 송파구 가락동  600번지  ', '한식', '정식', '가락본동', '02 4032221'),
(3220000, 2014, '육갑식당', '서울특별시 강남구 학동로2길 19 (논현동세일빌딩 1층 102호)', '서울특별시 강남구 논현동  141번지 7호  세일빌딩 1층 102호', '한식', '고기구이', '논현1동', '02  514 5837'),
(3230000, 2018, '육대장 가든파이브점', '서울특별시 송파구 충민로 66 가든파이브라이프 지하1층 FB-1069호 (문정동)', '서울특별시 송파구 문정동  634번지  가든파이브라이프', '한식', '수육전골', '문정1동', '221574988'),
(3230000, 2018, '육풍 문정법조단지점', '서울특별시 송파구 정의로8길 13 수성위너스 1층 105106107호 (문정동)', '서울특별시 송파구 문정동  640번지 7호  수성위너스', '한식', '삼겹살', '문정2동', '234021433'),
(3130000, 2013, '육회도', '서울특별시 마포구 양화로6길 53 (서교동1층)', '서울특별시 마포구 서교동  396번지 35호  1층', '한식', '삼겹살', '서교동', '02  31414007'),
(3230000, 2015, '윤정', '서울특별시 송파구 백제고분로7길 15 (잠실동)', '서울특별시 송파구 잠실동  178번지 4호  ', '한식', '복매운탕복지리', '잠실본동', '02 4023676'),
(3220000, 2017, '윤화돈까스 기사식당', '서울특별시 강남구 도곡로 221 (역삼동셀라빌딩1층)', '서울특별시 강남구 역삼동  787번지 12호  셀라빌딩1층', '한식', '돈까스', '역삼2동', ''),
(3230000, 2018, '은불판참숯구이', '서울특별시 송파구 오금로13길 10 2층 (방이동)', '서울특별시 송파구 방이동  68번지  서흥빌딩', '한식', '고기구이', '방이1동', '222021136'),
(3020000, 2001, '은성', '서울특별시 용산구 한강대로84길 11-16 (남영동)', '서울특별시 용산구 남영동  40번지 4호  ', '한식', '등심구이', '남영동', '02 7972855'),
(3230000, 2018, '을밀대', '서울특별시 송파구 오금로15길 7-13 지상1층 (방이동)', '서울특별시 송파구 방이동  67번지 5호  ', '한식', '평양냉면', '방이1동', '234325233'),
(3220000, 2016, '음악살롱', '서울특별시 강남구 학동로33길 7 2층 (논현동)', '서울특별시 강남구 논현동  88번지 5호  ', '경양식', '스파게티', '논현1동', ''),
(3220000, 2017, '의령전원 투', '서울특별시 강남구 삼성로85길 34 (대치동지상2층)', '서울특별시 강남구 대치동  891번지 51호  지상2층', '일식', '생선구이', '대치4동', ''),
(3000000, 2012, '의정부부대찌개 앤 돈까스', '서울특별시 종로구 우정국로 45-7 (견지동(지상2층))', '서울특별시 종로구 견지동  110번지 44호  (지상2층)', '한식', '부대찌개', '종로1.2.3.4가동', '02 7345552'),
(3230000, 2020, '이가네 정육식당', '서울특별시 송파구 양산로10길 10 지상1층 2층 (거여동)', '서울특별시 송파구 거여동  568번지 1호  지상1층 2층', '일식', '돼지갈비', '거여2동', '02 4000544'),
(3230000, 2007, '이경진우렁쌈밥정식', '서울특별시 송파구 중대로 310 (오금동1층)', '서울특별시 송파구 오금동  89번지 4호  1층', '한식', '우렁쌈밥', '오금동', '02 4028838'),
(3220000, 2015, '이남장영동점', '서울특별시 강남구 봉은사로108길 21 (삼성동)', '서울특별시 강남구 삼성동  165번지 12호  ', '한식', '설렁탕', '삼성1동', '205698726'),
(3000000, 2019, '이대감 고깃집', '서울특별시 종로구 수표로 96 (관수동)', '서울특별시 종로구 관수동  20번지  ', '한식', '갈비탕 갈빗살 불고기', '종로1.2.3.4가동', '02  22651400'),
(3220000, 2014, '이도곰탕', '서울특별시 강남구 논현로94길 29-5 (역삼동지상1층)', '서울특별시 강남구 역삼동  671번지 17호  지상1층', '한식', '곰탕', '역삼1동', '02 5010738'),
(3220000, 2010, '이마스시', '서울특별시 강남구 논현로168길 22 계진빌딩 지상1층 (신사동)', '서울특별시 강남구 신사동  600번지 4호  계진빌딩', '일식', '생선회', '신사동', '02 5117001'),
(3230000, 2009, '이모네 숯불돼지 갈비', '서울특별시 송파구 동남로6길 3-13 101호 (문정동)', '서울특별시 송파구 문정동  29번지 10호  ', '한식', '설렁탕 따로국밥', '문정1동', '02 4075797'),
(3000000, 2012, '이문 설농탕', '서울특별시 종로구 우정국로 38-13 (견지동지상1층)', '서울특별시 종로구 견지동  88번지 0호  지상1층', '한식', '설농탕', '종로1.2.3.4가동', '02  395 1803'),
(3220000, 2019, '이바디', '서울특별시 강남구 논현로75길 13 (역삼동)', '서울특별시 강남구 역삼동  747번지 10호  ', '한식', '닭갈비부대찌개', '역삼1동', '02 5649657'),
(3220000, 2016, '이봉', '서울특별시 강남구 테헤란로98길 28 지상1층 (대치동)', '서울특별시 강남구 대치동  950번지 11호  지상1층', '한식', '돼지왕갈비', '대치1동', ''),
(3230000, 2017, '이북집 찹쌀순대', '서울특별시 송파구 법원로 114 E동 B-127호 (문정동 엠스테이트)', '서울특별시 송파구 문정동  643번지 1호  ', '한식', '순대국', '문정1동', '222831600'),
(3020000, 2019, '이북집찹쌀순대', '서울특별시 용산구 한강대로40길 19 2층 (한강로2가)', '서울특별시 용산구 한강로2가  121번지 6호  ', '한식', '순대국밥', '한강로동', '02  793 0964'),
(3230000, 2010, '이스턴베니비스', '서울특별시 송파구 천호대로 996 (풍납동지상345층)', '서울특별시 송파구 풍납동  473번지 1호  지상345층', '한식', '뷔페', '풍납1동', '02 4894242'),
(3130000, 2014, '이조명가', '서울특별시 마포구 마포대로4나길 56 1층 (마포동)', '서울특별시 마포구 마포동  300번지  1층', '한식', '삼겹주물럭', '도화동', ''),
(3220000, 2010, '이조식당', '서울특별시 강남구 봉은사로112길 28 (삼성동)', '서울특별시 강남구 삼성동  165번지 15호  ', '한식', '복어탕', '삼성1동', '02 5630623'),
(3220000, 2010, '이즈미', '서울특별시 강남구 언주로 849 (신사동1층)', '서울특별시 강남구 신사동  622번지 3호  1층', '한식', '회', '압구정동', '02 5110107'),
(3000000, 2008, '이천영양돌솥밥', '서울특별시 종로구 평창11길 12 지하1층 (평창동)', '서울특별시 종로구 평창동  182번지 2호  ', '한식', '돌솥밥', '평창동', '02 3795677'),
(3020000, 2001, '이촌동 면옥', '서울특별시 용산구 이촌로54길 17 (이촌동(지상1.2층))', '서울특별시 용산구 이촌동  302번지 90호  (지상1.2층)', '한식', '냉면', '이촌제1동', '02 7967775'),
(3020000, 2010, '이태원천상본점', '서울특별시 용산구 이태원로 227 (한남동(지상1층))', '서울특별시 용산구 한남동  737번지 4호  (지상1층)', '한식', '일식정식', '한남동', '02 7492224'),
(3220000, 2016, '이화수 전통 육개장', '서울특별시 강남구 언주로93길 21 1층 (역삼동 남전타운)', '서울특별시 강남구 역삼동  677번지 5호  ', '기타', '육개장', '역삼1동', ''),
(3230000, 2013, '이화수전통육개장(서울방이점)', '서울특별시 송파구 오금로13길 7 지상1층 (방이동)', '서울특별시 송파구 방이동  62번지 4호  지상1층', '한식', '육개장', '방이2동', '02  22028832'),
(3220000, 2010, '이화원', '서울특별시 강남구 영동대로 511 (삼성동호텔오크우드프리미어 지상3층)', '서울특별시 강남구 삼성동  159번지 0호  호텔오크우드프리미어 지상3층', '중국식', '중식코스', '삼성1동', '02 5514893'),
(3000000, 2016, '인사동두부마을', '서울특별시 종로구 인사동길 30-12 (관훈동)', '서울특별시 종로구 관훈동  2번지 2호  ', '한식', '콩요리', '종로1.2.3.4가동', '02 7359996'),
(3220000, 2016, '일공', '서울특별시 강남구 영동대로112길 61 지상3층 (삼성동)', '서울특별시 강남구 삼성동  101번지 9호  ', '중국식', '자장면', '삼성1동', ''),
(3230000, 2008, '일도씨', '서울특별시 송파구 거마로 22 (거여동1층)', '서울특별시 송파구 거여동  43번지 0호  1층', '한식', '', '거여1동', ''),
(3230000, 2014, '일도씨 찜닭 잠실점', '서울특별시 송파구 석촌호수로 258 지상1층 (송파동)', '서울특별시 송파구 송파동  7번지 1호  지상1층', '기타', '찜닭', '송파1동', '222020709'),
(3230000, 2019, '일루 퓨전한식', '서울특별시 송파구 송파대로 201 송파 테라타워2 A동 G층 117118119호 (문정동)', '서울특별시 송파구 문정동  642번지  송파 테라타워2', '경양식', '부페', '문정2동', '02 8815633'),
(3000000, 2016, '일산칼국수', '서울특별시 종로구 삼일대로15길 6 1층 (관철동)', '서울특별시 종로구 관철동  7번지 16호  ', '한식', '칼국수', '종로1.2.3.4가동', '02  733 3131'),
(3000000, 2015, '일식 오수사', '서울특별시 종로구 사직로 130 (적선동적선현대 지하1층 6호)', '서울특별시 종로구 적선동  80번지  적선현대 지하1층 6호', '일식', '생선회', '사직동', '02 722 0415'),
(3230000, 2016, '일식호림', '서울특별시 송파구 석촌호수로 176 (삼전동)', '서울특별시 송파구 삼전동  130번지 2호  ', '일식', '회', '삼전동', '02 4153413'),
(3220000, 2016, '일우별관', '서울특별시 강남구 영동대로96길 37 (삼성동)', '서울특별시 강남구 삼성동  166번지 8호  ', '한식', '돌솥산채한정식', '삼성1동', '02 5671471'),
(3020000, 2021, '일일향', '서울특별시 용산구 한강대로40길 26 복십자의원 2층 (한강로2가)', '서울특별시 용산구 한강로2가  147번지  복십자의원 2층', '중국식', '어향동고', '한강로동', '02  790 4300'),
(3220000, 2010, '일치프리아니 현대압구정점', '서울특별시 강남구 압구정로 165 (압구정동현대백화점지상5층)', '서울특별시 강남구 압구정동  429번지 0호  현대백화점지상5층', '경양식', '양식', '신사동', '5123494'),
(3230000, 2007, '일품 낙지', '서울특별시 송파구 양재대로62길 8 지상1층 (가락동)', '서울특별시 송파구 가락동  93번지  지상1층', '한식', '수제비', '가락본동', '02 4316938'),
(3000000, 2007, '일품당샤브샤브', '서울특별시 종로구 세종대로23길 25 12층 (당주동)', '서울특별시 종로구 당주동  16번지 1호  ', '한식', '샤브샤브', '사직동', '02 7337949'),
(3130000, 2010, '임가네해물천국', '서울특별시 마포구 망원로 49-1 (망원동)', '서울특별시 마포구 망원동  421번지 36호  ', '한식', '아구해물탕', '망원제1동', '02 3385426'),
(3220000, 2010, '임고집 한우＆보쌈마을', '서울특별시 강남구 테헤란로104길 11 (대치동지상1층)', '서울특별시 강남구 대치동  996번지 12호  지상1층', '한식', '고기', '대치2동', ''),
(3220000, 2014, '임고집 한우＆보쌈마을(2호점)', '서울특별시 강남구 테헤란로104길 11 (대치동2층)', '서울특별시 강남구 대치동  996번지 12호  2층', '한식', '고기', '대치2동', '02 567 2772'),
(3020000, 2020, '임도령', '서울특별시 용산구 한강대로 95 지하2층 B202호 (한강로2가 래미안용산)', '서울특별시 용산구 한강로2가  342번지  래미안용산 지하2층 B202호', '한식', '부대찌개', '한강로동', '02 7924142'),
(3230000, 2019, '잠수교집', '서울특별시 송파구 송파대로49길 51 제퍼빌딩 1층 (석촌동)', '서울특별시 송파구 석촌동  23번지 3호  제퍼빌딩', '한식', '삼겹살', '석촌동', ''),
(3230000, 2007, '잠실고박사소금구이', '서울특별시 송파구 백제고분로7길 8 (잠실동)', '서울특별시 송파구 잠실동  195번지 12호  ', '한식', '갈비등심', '잠실본동', '02 4131711'),
(3230000, 2007, '잠실영양센타', '서울특별시 송파구 백제고분로7길 14 (잠실동)', '서울특별시 송파구 잠실동  193번지 6호  ', '분식', '삼계탕', '잠실본동', '02 4243996'),
(3130000, 2006, '장가네한우촌', '서울특별시 마포구 양화로16길 10 (서교동)', '서울특별시 마포구 서교동  371번지 4호  ', '한식', '참치회', '서교동', '02 3344854'),
(3230000, 2015, '장군 수제 족발', '서울특별시 송파구 오금로36길 67 지상1층 (가락동)', '서울특별시 송파구 가락동  50번지 1호  지상1층', '한식', '족발면류', '가락본동', '02 4004717'),
(3230000, 2011, '장군보쌈', '서울특별시 송파구 올림픽로32길 15 (방이동)', '서울특별시 송파구 방이동  59번지 9호  ', '한식', '보쌈족발', '방이1동', '02 4141485'),
(3130000, 2019, '장남식당', '서울특별시 마포구 토정로33길 5 1층 (용강동)', '서울특별시 마포구 용강동  119번지  ', '한식', '삼겹살구이', '용강동', '02 7018611'),
(3220000, 2014, '장수가 선릉직영점', '서울특별시 강남구 언주로98길 39 지상1층 (역삼동)', '서울특별시 강남구 역삼동  704번지 30호  지상1층', '한식', '부대찌개', '역삼1동', '02 5560143'),
(3130000, 2008, '장수갈매기', '서울특별시 마포구 도화길 46 (도화동)', '서울특별시 마포구 도화동  182번지 11호  1층', '한식', '갈매기살', '도화동', '02  716 7766'),
(3020000, 2015, '장수갈비', '서울특별시 용산구 후암로57길 3-2 (동자동)', '서울특별시 용산구 동자동  10번지 3호  ', '한식', '돼지갈비', '남영동', '02 7774292'),
(3230000, 2010, '장수설렁탕', '서울특별시 송파구 백제고분로 148 (잠실동)', '서울특별시 송파구 잠실동  313번지 10호  ', '한식', '설렁탕 해장국', '잠실본동', '02 4151472'),
(3230000, 2016, '장인미역', '서울특별시 송파구 삼전로 89 지상1층 (잠실동)', '서울특별시 송파구 잠실동  252번지 2호  지상1층', '한식', '미역국', '잠실본동', '02 4257266'),
(3220000, 2014, '잰부닥', '서울특별시 강남구 강남대로42길 13 (도곡동지상1층)', '서울특별시 강남구 도곡동  954번지 13호  지상1층', '한식', '삼겹살', '도곡1동', '02 5775046'),
(3230000, 2019, '전가네 참숯갈비 고기한쌈', '서울특별시 송파구 가락로 120 1층 105호 (석촌동)', '서울특별시 송파구 석촌동  296번지 4호  ', '한식', '돼지갈비', '석촌동', '02 4169393'),
(3230000, 2020, '전주 감자탕', '서울특별시 송파구 동남로 155 지하1층 (가락동)', '서울특별시 송파구 가락동  137번지 12호  ', '한식', '감자탕', '가락본동', '02 4311588'),
(3000000, 2011, '전주골갈비', '서울특별시 종로구 돈화문로5가길 15 (돈의동)', '서울특별시 종로구 돈의동  123번지  ', '한식', '갈비탕', '종로1.2.3.4가동', '207652582'),
(3230000, 2007, '전주국밥', '서울특별시 송파구 오금로27길 4 (방이동)', '서울특별시 송파구 방이동  226번지 1호  ', '분식', '국수', '방이2동', '02 4254810'),
(3220000, 2010, '전주순대', '서울특별시 강남구 테헤란로69길 10 (삼성동)', '서울특별시 강남구 삼성동  143번지 19호  ', '한식', '순대', '삼성2동', '02554 3747'),
(3220000, 2010, '전주식당', '서울특별시 강남구 봉은사로112길 28 (삼성동지상1층)', '서울특별시 강남구 삼성동  165번지 15호  지상1층', '한식', '백반', '삼성1동', '02  557 8001'),
(3130000, 2020, '전주현대옥상암DMC점', '서울특별시 마포구 상암산로 76 (상암동 YTN뉴스퀘어지1층일부)', '서울특별시 마포구 상암동  1607번지  ', '한식', '콩나물국밥', '상암동', ''),
(3220000, 2016, '점례네', '서울특별시 강남구 테헤란로2길 36 (역삼동지상1층)', '서울특별시 강남구 역삼동  826번지 9호  지상1층', '한식', '꽃등심', '역삼1동', ''),
(3220000, 2016, '정 고깃집', '서울특별시 강남구 삼성로100길 23-14 지상1층 (삼성동)', '서울특별시 강남구 삼성동  153번지 47호  ', '한식', '제주돼지근고기', '삼성1동', '5685160'),
(3230000, 2007, '정가네 대박집', '서울특별시 송파구 삼전로6길 4 1층 (삼전동)', '서울특별시 송파구 삼전동  33번지 4호  ', '한식', '탕 백반', '삼전동', '222032389'),
(3020000, 2008, '정감어린', '서울특별시 용산구 후암로 4 (후암동(지상234층))', '서울특별시 용산구 후암동  255번지 1호  (지상234층)', '한식', '소갈비', '후암동', '02754 4389'),
(3230000, 2009, '정목누룽지 백숙', '서울특별시 송파구 위례성대로12길 11 지상1층 (방이동)', '서울특별시 송파구 방이동  196번지 15호  지상1층', '한식', '누룽지백숙', '방이2동', '222029264'),
(3230000, 2008, '정민오리전문점', '서울특별시 송파구 정의로7길 13 힐스테이트에코송파 108호 (문정동)', '서울특별시 송파구 문정동  639번지 5호  힐스테이트에코송파', '한식', '', '문정1동', '02  424 8075'),
(3230000, 2007, '정선갈비', '서울특별시 송파구 거마로 11 지상1층 (거여동)', '서울특별시 송파구 거여동  174번지 5호  지상1층', '한식', '고기구이', '거여2동', '02 4009279'),
(3000000, 2015, '정선곤드레쌈밥', '서울특별시 종로구 평창문화로 152 101102103호 (평창동 평창동 안성타워)', '서울특별시 종로구 평창동  66번지 72호  집합건물 101호 102호 103호', '한식', '쌈밥', '평창동', '02 3795669'),
(3020000, 2020, '정성달아', '서울특별시 용산구 대사관로 65 (한남동 657-159 지상1층)', '서울특별시 용산구 한남동  657번지 159호  지상1층', '분식', '수제왕돈까스', '한남동', '262044252'),
(3130000, 2017, '정성한줄', '서울특별시 마포구 마포대로 195 상가4동 108호 (아현동 마포 래미안 푸르지오)', '서울특별시 마포구 아현동  774번지  마포 래미안 푸르지오', '분식', '분식', '아현동', ''),
(3230000, 2019, '정원 송파나루', '서울특별시 송파구 석촌호수로 234 1층 (석촌동)', '서울특별시 송파구 석촌동  158번지 7호  라품미빌딩', '한식', '갈치조림', '석촌동', '02 4137080'),
(3020000, 2010, '정원가든', '서울특별시 용산구 대사관로31길 7 (한남동(지상12층))', '서울특별시 용산구 한남동  657번지 103호  (지상12층)', '한식', '돼지갈비', '한남동', '02797 7082'),
(3230000, 2008, '정육식당', '서울특별시 송파구 오금로15길 5-24 (방이동1층2층)', '서울특별시 송파구 방이동  67번지 1호  1층2층', '한식', '', '방이1동', ''),
(3220000, 2019, '정참치', '서울특별시 강남구 삼성로81길 22 한정빌딩 지상1층 103호 (대치동)', '서울특별시 강남구 대치동  894번지 5호  한정빌딩', '일식', '참치', '대치1동', ''),
(3230000, 2007, '정통일식 금수사', '서울특별시 송파구 중대로 124 지상2층 (가락동)', '서울특별시 송파구 가락동  112번지 6호  ', '한식', '생선회초밥', '가락본동', '02 4012288'),
(3230000, 2017, '제이에스가든 웍(WOK)(가든파이브점)', '서울특별시 송파구 충민로 66 지하1층 (문정동 가든파이브라이프 아울렛관)', '서울특별시 송파구 문정동  634번지  ', '중국식', '짜장 짬뽕', '문정1동', '226732086'),
(3230000, 2016, '제일제면소 올림픽공원점', '서울특별시 송파구 올림픽로 424 지상1층 (방이동 국민체력센터 2 )', '서울특별시 송파구 방이동  88번지 2호  국민체력센터 2 지상1층', '기타', '국수', '오륜동', '02 4218181'),
(3230000, 2018, '제주 은희네 해장국', '서울특별시 송파구 송파대로49길 10 1층 (석촌동)', '서울특별시 송파구 석촌동  183번지 7호  ', '한식', '소고기해장국', '석촌동', '260130831'),
(3230000, 2018, '제주각시', '서울특별시 송파구 법원로11길 11 문정현대지식산업센터1-1 B동 B211호 (문정동)', '서울특별시 송파구 문정동  644번지  문정현대지식산업센터1-1', '한식', '돼지구이', '문정2동', '220081399'),
(3220000, 2014, '제주도새기', '서울특별시 강남구 삼성로85길 32 (대치동지상1층)', '서울특별시 강남구 대치동  891번지 52호  지상1층', '한식', '오겹살', '대치4동', '02 5012992'),
(3230000, 2012, '제주뜰향 갈치전문점', '서울특별시 송파구 중대로23길 7 1층 (가락동)', '서울특별시 송파구 가락동  11번지 8호  ', '기타', '제주산갈치', '가락1동', '02 4002281'),
(3230000, 2007, '제주몬트락', '서울특별시 송파구 오금로46길 5 지상1층 (가락동)', '서울특별시 송파구 가락동  175번지 12호  지상1층', '일식', '정식', '가락본동', '02 4435577'),
(3130000, 2020, '제주삼다돈', '서울특별시 마포구 양화로11길 66 12층 (서교동)', '서울특별시 마포구 서교동  384번지 10호  ', '한식', '설렁탕', '서교동', ''),
(3220000, 2010, '제주서부두식당', '서울특별시 강남구 언주로134길 14 (논현동)', '서울특별시 강남구 논현동  115번지 25호  ', '한식', '갈시고등어구이', '논현2동', '234466962'),
(3230000, 2018, '제주항', '서울특별시 송파구 위례성대로12길 8 1층 (방이동)', '서울특별시 송파구 방이동  164번지 10호  비엘틱크리닉', '일식', '회', '방이1동', '02 4223877'),
(3230000, 2016, '조가네 갑오징어 송파 석촌호수점', '서울특별시 송파구 백제고분로42길 6-24 지상1층 (송파동)', '서울특별시 송파구 송파동  85번지 19호  지상1층', '한식', '갑오징어볶음', '송파1동', '02  417 6638'),
(3220000, 2010, '조가비', '서울특별시 강남구 테헤란로53길 17 (역삼동)', '서울특별시 강남구 역삼동  697번지 10호  ', '한식', '부대찌개', '역삼1동', '02 5650180'),
(3000000, 2010, '조마루(신설동점)', '서울특별시 종로구 난계로29길 37 (숭인동)', '서울특별시 종로구 숭인동  201번지 10호  ', '한식', '감자탕', '숭인제2동', '202534104'),
(3130000, 2006, '조박집투', '서울특별시 마포구 토정로 311 (용강동 1층)', '서울특별시 마포구 용강동  43번지 2호  ', '한식', '소갈비', '용강동', '7184410'),
(3220000, 2010, '조수사', '서울특별시 강남구 테헤란로14길 6 (역삼동)', '서울특별시 강남구 역삼동  823번지 24호  ', '일식', '회', '역삼1동', '205641133'),
(3230000, 2017, '조향족발', '서울특별시 송파구 충민로 5 1층 112호 (문정동 송파한화오벨리스크)', '서울특별시 송파구 문정동  622번지  송파한화오벨리스크', '한식', '족발', '문정1동', '02 4319556'),
(3220000, 2019, '종로1번가빈대떡육회', '서울특별시 강남구 강남대로78길 14 2층 (역삼동)', '서울특별시 강남구 역삼동  831번지 25호  ', '중국식', '꽃삼겹', '역삼2동', '2'),
(3220000, 2010, '종로삼계탕', '서울특별시 강남구 강남대로94길 18 (역삼동)', '서울특별시 강남구 역삼동  819번지 2호  ', '한식', '삼계탕', '역삼1동', '205621758'),
(3000000, 2017, '종로전집', '서울특별시 종로구 돈화문로11다길 3 (돈의동)', '서울특별시 종로구 돈의동  28번지  ', '한식', '', '종로1.2.3.4가동', '02  22348877'),
(3000000, 2007, '종로진낙지', '서울특별시 종로구 수표로 122 12층 (낙원동)', '서울특별시 종로구 낙원동  139번지  139-1번지', '한식', '낙지', '종로1.2.3.4가동', '02 7420621'),
(3220000, 2010, '종수네', '서울특별시 강남구 언주로85길 23-12 (역삼동)', '서울특별시 강남구 역삼동  723번지 17호  ', '한식', '닭갈비', '역삼2동', '02 5015949'),
(3230000, 2007, '좋은생고기 정육식당', '서울특별시 송파구 오금로13길 9 (방이동)', '서울특별시 송파구 방이동  62번지 8호  ', '한식', '양념갈비', '방이2동', '02 4211363'),
(3230000, 2019, '주래등', '서울특별시 송파구 정의로8길 13 201202203호 (문정동)', '서울특별시 송파구 문정동  640번지 7호  ', '중국식', '탕수육짜장면', '문정1동', '');
INSERT INTO `restaurant` (`guCode`, `since`, `restName`, `restRoad`, `restAddr`, `restType`, `restMain`, `dongName`, `restPhone`) VALUES
(3230000, 2018, '주문진 해물한상', '서울특별시 송파구 오금로19길 9 지상1층 (방이동)', '서울특별시 송파구 방이동  111번지 8호  지상1층', '한식', '아구찜 해물찜', '방이1동', '02 4187833'),
(3220000, 2019, '주박사 춘천닭갈비', '서울특별시 강남구 일원로 33 금성빌딩 지하1층 B01 B02호 (일원동)', '서울특별시 강남구 일원동  683번지  금성빌딩', '한식', '닭갈비', '개포2동', ''),
(3230000, 2018, '주식회사 다운타우너 잠실', '서울특별시 송파구 백제고분로45길 3 1층 (송파동)', '서울특별시 송파구 송파동  46번지 4호  ', '경양식', '파스타햄버거', '송파1동', '7088683696'),
(3220000, 2010, '주식회사 에도긴', '서울특별시 강남구 테헤란로8길 30 (역삼동에도긴빌딩23층)', '서울특별시 강남구 역삼동  827번지 58호  에도긴빌딩23층', '일식', '전통일식', '역삼1동', '02 5685147'),
(3230000, 2016, '주식회사 엘브라더스 맨하탄슈퍼 직영점', '서울특별시 송파구 올림픽로10길 14 지상1층 (잠실동)', '서울특별시 송파구 잠실동  192번지 11호  지상1층', '기타', '족발', '잠실본동', '222038908'),
(3220000, 2015, '주식회사 원강', '서울특별시 강남구 학동로6길 16 (논현동1층)', '서울특별시 강남구 논현동  122번지 18호  1층', '한식', '소고기 등심 구이', '논현1동', '34451598'),
(3230000, 2018, '주식회사 잠실해우리', '서울특별시 송파구 송파대로 562 3층 (신천동 한빛프라자삼성웰리스아파트)', '서울특별시 송파구 신천동  7번지 17호  한빛프라자삼성웰리스아파트', '한식', '회정식', '잠실6동', '02 4124997'),
(3220000, 2010, '주식회사 정성본', '서울특별시 강남구 학동로97길 19 (청담동지상23층)', '서울특별시 강남구 청담동  70번지 5호  지상23층', '한식', '칼국수', '청담동', '5403535'),
(3230000, 2010, '주식회사 주은감자탕', '서울특별시 송파구 삼학사로 71 12층 (삼전동)', '서울특별시 송파구 삼전동  132번지 14호  ', '한식', '해장국 감자탕', '삼전동', '02 4133670'),
(3220000, 2010, '주식회사곰바우', '서울특별시 강남구 영동대로115길 10 (삼성동)', '서울특별시 강남구 삼성동  76번지 10호  ', '한식', '양대창구이', '삼성1동', '02 5497513'),
(3230000, 2019, '죽 이네', '서울특별시 송파구 양재대로62길 38 지상1층 (가락동)', '서울특별시 송파구 가락동  86번지 16호  지상1층', '한식', '족발보쌈', '가락본동', '02 4430980'),
(3000000, 2010, '지리산', '서울특별시 종로구 인사동14길 30 12층 (관훈동)', '서울특별시 종로구 관훈동  84번지 2호  ', '한식', '한정식', '종로1.2.3.4가동', '02 7234696'),
(3230000, 2017, '지인고기', '서울특별시 송파구 송파대로 167 A동 지하1층 G183호 (문정동 문정역테라타워)', '서울특별시 송파구 문정동  651번지  ', '한식', '불고기 냉면', '문정2동', '02 4012958'),
(3130000, 2006, '지중해참치', '서울특별시 마포구 새창로 13 (도화동 2층)', '서울특별시 마포구 도화동  25번지 2호  ', '일식', '참치회', '도화동', ''),
(3220000, 2016, '지하오', '서울특별시 강남구 논현로64길 34 (역삼동지상1층)', '서울특별시 강남구 역삼동  787번지 8호  지상1층', '중국식', '찹쌀탕수육', '역삼2동', '02 5589119'),
(3220000, 2010, '지호한방삼계탕', '서울특별시 강남구 영동대로115길 16 지상1층 (삼성동)', '서울특별시 강남구 삼성동  76번지 13호  ', '한식', '삼계탕', '삼성1동', '02 5127283'),
(3130000, 2017, '진가', '서울특별시 마포구 동교로34길 12 1층 (연남동)', '서울특별시 마포구 연남동  260번지 41호  1층', '중국식', '짜장면', '연남동', ''),
(3220000, 2014, '진가샤브샤브', '서울특별시 강남구 도곡로 426 지상4층 (대치동)', '서울특별시 강남구 대치동  1023번지 3호  지상4층', '한식', '샤브샤브', '대치1동', ''),
(3000000, 2014, '진고기명가', '서울특별시 종로구 사직로 103-4 (내자동)', '서울특별시 종로구 내자동  30번지  ', '기타', '', '사직동', '02 7305611'),
(3220000, 2010, '진고래', '서울특별시 강남구 선릉로86길 18 (대치동)', '서울특별시 강남구 대치동  897번지 22호  ', '한식', '진고래', '대치4동', ''),
(3220000, 2014, '진대감', '서울특별시 강남구 테헤란로70길 25 (대치동지상1층)', '서울특별시 강남구 대치동  895번지 11호  지상1층', '한식', '차돌삼합', '대치4동', ''),
(3230000, 2007, '진또배기 닭한마리', '서울특별시 송파구 중대로9길 51 2층 (가락동)', '서울특별시 송파구 가락동  91번지 5호  2층', '한식', '닭볶음탕', '가락본동', '02 4046888'),
(3230000, 2013, '진미 한우곱창구이', '서울특별시 송파구 백제고분로22길 19 (삼전동)', '서울특별시 송파구 삼전동  44번지 8호  ', '한식', '곱창구이', '삼전동', '02 4159611'),
(3220000, 2016, '진배족발', '서울특별시 강남구 언주로173길 19 (신사동지상2층)', '서울특별시 강남구 신사동  619번지 6호  지상2층', '한식', '족발', '압구정동', '02  34459211'),
(3220000, 2016, '진성식당', '서울특별시 강남구 학동로81길 7 (청담동)', '서울특별시 강남구 청담동  76번지 11호  ', '한식', '칼국수 보쌈', '청담동', '205118157'),
(3220000, 2010, '진수사', '서울특별시 강남구 테헤란로37길 13-7 (역삼동)', '서울특별시 강남구 역삼동  677번지 15호  ', '일식', '회', '역삼1동', '205613544'),
(3130000, 2008, '진어참치', '서울특별시 마포구 연남로3길 34 (연남동(1층))', '서울특별시 마포구 연남동  561번지 8호  (1층)', '일식', '회', '연남동', '02 3327412'),
(3230000, 2020, '진주문진 생태찌게', '서울특별시 송파구 송파대로28길 35 205304호 (가락동 송파NSuite)', '서울특별시 송파구 가락동  77번지 7호  송파NSuite', '한식', '생태찌개', '가락본동', ''),
(3230000, 2011, '진진 가마솥 설렁탕', '서울특별시 송파구 거마로 12 (거여동)', '서울특별시 송파구 거여동  42번지 13호  ', '분식', '칼국수', '거여1동', '02 4033119'),
(3130000, 2016, '진평925', '서울특별시 마포구 망원로 87 2층 (망원동)', '서울특별시 마포구 망원동  483번지 2호  2층', '한식', '', '망원제1동', ''),
(3230000, 2015, '진포크촌돼지생고기숯불갈비', '서울특별시 송파구 가락로16길 2-9 윤기빌딩 1층 (석촌동)', '서울특별시 송파구 석촌동  275번지 10호  윤기빌딩', '한식', '삼겹살갈비', '석촌동', '02 4255554'),
(3230000, 2018, '징기스', '서울특별시 송파구 올림픽로32길 33 12층 (방이동)', '서울특별시 송파구 방이동  70번지  ', '일식', '양갈비', '방이1동', '02 4126945'),
(3220000, 2016, '쭈불앤쭈불', '서울특별시 강남구 테헤란로87길 22 지하1층 Q121호 (삼성동 한국도심공항터미널)', '서울특별시 강남구 삼성동  159번지 6호  한국도심공항터미널 지하1층-Q121', '한식', '쭈꾸미소불고기', '삼성1동', ''),
(3230000, 2020, '찜샤브', '서울특별시 송파구 충민로 66 현대시티몰 5층 (문정동)', '서울특별시 송파구 문정동  634번지  가든파이브라이프', '한식', '샤브', '문정1동', ''),
(3020000, 2015, '차돌집', '서울특별시 용산구 녹사평대로40길 5 (이태원동 540 지상12층)', '서울특별시 용산구 이태원동  540번지  ', '식육(숯불구이)', '차돌박이', '이태원제1동', '02  790 0789'),
(3220000, 2014, '차이나타운', '서울특별시 강남구 봉은사로63길 7 A동 지상1층 103호 (삼성동 수목빌딩)', '서울특별시 강남구 삼성동  38번지 18호 A 수목빌딩 지상1층-103', '중국식', '자장면', '삼성1동', '02 5393222'),
(3230000, 2018, '차이나플레인 문정점', '서울특별시 송파구 법원로 128 문정에스케이브이원지엘메트로시티 3층 B318 B319 B320호 (문정동)', '서울특별시 송파구 문정동  642번지 3호  문정에스케이브이원지엘메트로시티', '중국식', '짜장탕수육', '문정2동', '02 5270848'),
(3220000, 2014, '차이린', '서울특별시 강남구 삼성로112길 10 지하1층-지상1층 (삼성동)', '서울특별시 강남구 삼성동  71번지 24호  지하1층-지상1층', '경양식', '자장면', '삼성1동', '02  543 2847'),
(3020000, 2015, '차이옌', '서울특별시 용산구 이촌로88길 8 (이촌동 300-16 지상1층)', '서울특별시 용산구 이촌동  300번지 16호  지상1층', '중국식', '중식코스', '이촌제1동', '02  792 0872'),
(3230000, 2019, '착한낙지', '서울특별시 송파구 동남로 143 지상1층 (가락동)', '서울특별시 송파구 가락동  125번지 4호  5 지상1층', '한식', '낙지코다리', '가락2동', '02 4311107'),
(3230000, 2020, '찬장 현대가든파이브씨티몰', '서울특별시 송파구 충민로 66 지하1층 (문정동 가든파이브라이프 현대아울렛 테크노관)', '서울특별시 송파구 문정동  634번지  ', '한식', '카레', '문정1동', '226732025'),
(3130000, 2007, '참돌복', '서울특별시 마포구 삼개로3길 6 (도화동)', '서울특별시 마포구 도화동  204번지 11호  ', '한식', '참이맛감자탕', '도화동', '703 6800'),
(3130000, 2006, '참복집', '서울특별시 마포구 만리재로1길 14 (공덕동)', '서울특별시 마포구 공덕동  256번지 20호  ', '일식', '복지리', '아현동', '02 7151198'),
(3230000, 2013, '참설농탕', '서울특별시 송파구 백제고분로 430 지상12층 (송파동)', '서울특별시 송파구 송파동  135번지 1호  지상12층', '한식', '설렁탕', '송파1동', '02 4140221'),
(3220000, 2012, '참숯불화로구이 우리 소', '서울특별시 강남구 테헤란로84길 25 (대치동)', '서울특별시 강남구 대치동  956번지 15호  ', '한식', '삼겹살구이', '대치2동', '02 5639559'),
(3220000, 2010, '참숯화로 통구이', '서울특별시 강남구 테헤란로8길 11-7 (역삼동)', '서울특별시 강남구 역삼동  823번지 6호  ', '일식', '삼겹살 구이', '역삼1동', '02 5652145'),
(3020000, 2020, '참이맛원효점', '서울특별시 용산구 원효로89길 4 12층 (원효로1가)', '서울특별시 용산구 원효로1가  39번지 16호  12층', '한식', '묵은지감자탕', '원효로제1동', ''),
(3130000, 2006, '참치가', '서울특별시 마포구 양화로 100-10 (서교동2층)', '서울특별시 마포구 서교동  372번지 5호  2층', '일식', '참치회', '서교동', '203384806'),
(3230000, 2007, '참치의 味', '서울특별시 송파구 위례성대로 92 (방이동1층)', '서울특별시 송파구 방이동  165번지 4호  1층', '일식', '회 참치', '방이1동', '02 4217710'),
(3230000, 2018, '참치조합', '서울특별시 송파구 송파대로 167 문정역테라타워 A동 2층 205호 (문정동)', '서울특별시 송파구 문정동  651번지 A 문정역테라타워-205', '일식', '회다랑어', '문정1동', '220548118'),
(3130000, 2014, '참토우상암DMC본점', '서울특별시 마포구 매봉산로2길 7 (상암동2층)', '서울특별시 마포구 상암동  2번지 223호  2층', '한식', '', '상암동', '02 7834245'),
(3220000, 2010, '창포', '서울특별시 강남구 선릉로62길 19 (대치동)', '서울특별시 강남구 대치동  936번지 18호  ', '한식', '손만두', '대치4동', '02 5010155'),
(3000000, 2011, '채선당 동묘역점', '서울특별시 종로구 종로 347 지하1층 113~138호 (숭인동 롯데캐슬상가)', '서울특별시 종로구 숭인동  76번지  ', '기타', '샤브샤브 전골', '숭인제1동', '02 7422990'),
(3230000, 2010, '채선당거여점', '서울특별시 송파구 오금로 512 (거여동거여2차쌍용(아)상가 지상2층201호)', '서울특별시 송파구 거여동  27번지 5호  거여2차쌍용(아)상가 지상2층201호', '한식', '샤브샤브', '거여1동', '220436355'),
(3000000, 2008, '처마끝 하늘풍경', '서울특별시 종로구 인사동14길 24-2 1층 (관훈동)', '서울특별시 종로구 관훈동  84번지 11호  ', '한식', '한정식', '종로1.2.3.4가동', '02 7343337'),
(3130000, 2016, '천년각', '서울특별시 마포구 월드컵로 164 2층 (성산동)', '서울특별시 마포구 성산동  279번지 17호  2층', '중국식', '짬뽕 짜장 탕수육', '성산제1동', ''),
(3220000, 2010, '천미향', '서울특별시 강남구 봉은사로108길 21 (삼성동지상23층)', '서울특별시 강남구 삼성동  165번지 12호  지상23층', '중국식', '자장면', '삼성1동', '02 5585838'),
(3220000, 2010, '천용', '서울특별시 강남구 언주로90길 12 (역삼동지상2층)', '서울특별시 강남구 역삼동  706번지 18호  지상2층', '중국식', '자장면', '역삼2동', ''),
(3130000, 2014, '천장어', '서울특별시 마포구 백범로 122 1층 (염리동)', '서울특별시 마포구 염리동  155번지 12호  ', '한식', '장어구이', '염리동', ''),
(3230000, 2019, '철뚝집', '서울특별시 송파구 법원로11길 7 문정현대지식산업센터1-2 C동 101호 (문정동)', '서울특별시 송파구 문정동  644번지 2호  문정현대지식산업센터1-2', '기타', '삼겹살', '문정1동', ''),
(3000000, 2016, '청계면관', '서울특별시 종로구 청계천로 63 (관철동(지상 2층3층))', '서울특별시 종로구 관철동  246번지 2호  (지상 2층3층)', '중국식', '짬뽕', '종로1.2.3.4가동', '02  779 0709'),
(3230000, 2015, '청국장과 보리밥', '서울특별시 송파구 백제고분로20길 4 지상12층 (잠실동)', '서울특별시 송파구 잠실동  335번지 12호  지상12층', '한식', '청국장', '잠실본동', '220421234'),
(3220000, 2016, '청국장과보리밥', '서울특별시 강남구 남부순환로 2738 (도곡동지상2층)', '서울특별시 강남구 도곡동  411번지 20호  지상2층', '한식', '청국장과 보리밥', '도곡2동', ''),
(3220000, 2010, '청기와생고기', '서울특별시 강남구 개포로 662 (일원동)', '서울특별시 강남구 일원동  639번지 3호  ', '한식', '된장찌개', '일원1동', '02 4450256'),
(3130000, 2006, '청기와식당', '서울특별시 마포구 월드컵로 105 (망원동1층)', '서울특별시 마포구 망원동  484번지 1호  1층', '한식', '돼지갈비', '망원제2동', '02 3330166'),
(3130000, 2008, '청기와타운 (마포점)', '서울특별시 마포구 토정로 296 (용강동)', '서울특별시 마포구 용강동  45번지 5호  1층', '한식', '순대국밥', '용강동', '02  706 6464'),
(3230000, 2018, '청기와타운 잠실점', '서울특별시 송파구 오금로 125 1층 (방이동)', '서울특별시 송파구 방이동  109번지 11호  유미빌딩', '분식', '쌀국수', '방이1동', '02 4232322'),
(3230000, 2008, '청년감자탕', '서울특별시 송파구 오금로19길 5 (방이동)', '서울특별시 송파구 방이동  110번지 12호  ', '한식', '', '방이2동', '02 4176636'),
(3220000, 2016, '청담 아불', '서울특별시 강남구 압구정로79길 32 지상1층 101호 (청담동)', '서울특별시 강남구 청담동  124번지 12호  ', '한식', '돼지고기', '청담동', ''),
(3220000, 2016, '청담갯벌장어', '서울특별시 강남구 영동대로142길 29 23층 (청담동)', '서울특별시 강남구 청담동  130번지 22호  ', '한식', '갯벌장어', '청담동', ''),
(3220000, 2010, '청담동 명인등심', '서울특별시 강남구 도산대로100길 13 지상12층 (청담동)', '서울특별시 강남구 청담동  56번지  지상1층지상2층', '일식', '갈비탕', '청담동', '02 5401551'),
(3220000, 2010, '청담제주물항', '서울특별시 강남구 언주로 120 (도곡동1층)', '서울특별시 강남구 도곡동  467번지 23호  1층', '일식', '회', '도곡2동', '02 05721933'),
(3220000, 2010, '청숫골보리밥쌈밥', '서울특별시 강남구 삼성로 706 (청담동지하1층)', '서울특별시 강남구 청담동  76번지 4호  지하1층', '한식', '보리밥', '청담동', '234434402'),
(3230000, 2020, '청와옥 본점', '서울특별시 송파구 위례성대로 48 반도빌딩 1층 102호 (방이동)', '서울특별시 송파구 방이동  177번지 3호  반도빌딩', '한식', '순대국오징어수육', '방이1동', ''),
(3020000, 2001, '청운숯불갈비', '서울특별시 용산구 청파로 383-8 (서계동(지상12층))', '서울특별시 용산구 서계동  223번지 18호  (지상12층)', '한식', '갈비탕', '청파동', '02 7112625'),
(3220000, 2014, '청자골', '서울특별시 강남구 역삼로77길 17 (대치동지상1층)', '서울특별시 강남구 대치동  901번지 71호  지상1층', '한식', '꽃등심', '대치4동', ''),
(3000000, 2016, '청진옥', '서울특별시 종로구 종로3길 32 1~4층 (청진동)', '서울특별시 종로구 청진동  183번지 1호  ', '한식', '해장국', '종로1.2.3.4가동', '02  737 1690'),
(3220000, 2016, '청청', '서울특별시 강남구 논현로152길 30 지상1층 (신사동)', '서울특별시 강남구 신사동  588번지 7호  지상1층', '한식', '골뱅이', '신사동', ''),
(3130000, 2013, '청춘구락부', '서울특별시 마포구 토정로 308 1 2층 (용강동)', '서울특별시 마포구 용강동  50번지 3호  ', '한식', '소등심', '용강동', '02  702 1399'),
(3220000, 2016, '청학루', '서울특별시 강남구 봉은사로30길 70 (역삼동)', '서울특별시 강남구 역삼동  668번지 12호  ', '중국식', '자장면', '역삼1동', '02 5630023'),
(3220000, 2010, '초가집삼계탕', '서울특별시 강남구 테헤란로55길 15 (역삼동)', '서울특별시 강남구 역삼동  696번지 6호  ', '한식', '삼계탕', '역삼1동', '02 5565514'),
(3020000, 2015, '초승달', '서울특별시 용산구 회나무로26길 12 1층 102호 (이태원동)', '서울특별시 용산구 이태원동  226번지 3호  ', '일식', '초밥', '이태원제1동', '02 7496444'),
(3020000, 2001, '초원', '서울특별시 용산구 한강대로80길 7 (남영동)', '서울특별시 용산구 남영동  80번지 4호  ', '한식', '흑돼지삼겹살', '남영동', '02 7954175'),
(3220000, 2010, '최가네버섯매운탕칼국수', '서울특별시 강남구 도산대로51길 36 (신사동지상23층)', '서울특별시 강남구 신사동  655번지 0호  지상23층', '한식', '버섯칼국수', '압구정동', '02 5477676'),
(3230000, 2011, '추담골', '서울특별시 송파구 거마로 16 (거여동)', '서울특별시 송파구 거여동  42번지 17호  ', '한식', '추어탕', '거여2동', '02 4073636'),
(3130000, 2011, '춘자대구탕', '서울특별시 마포구 월드컵북로1길 50 (서교동)', '서울특별시 마포구 서교동  375번지 5호  ', '한식', '대구탕', '서교동', '231414428'),
(3220000, 2014, '춘천명물닭갈비', '서울특별시 강남구 개포로22길 14 지상1층 (개포동)', '서울특별시 강남구 개포동  1231번지 6호  ', '한식', '닭갈비', '개포4동', ''),
(3130000, 2007, '춘향골남원추어탕', '서울특별시 마포구 월드컵로36길 18 (성산동삼라마이다스109.110.111호)', '서울특별시 마포구 성산동  590번지 2호  삼라마이다스109.110.111호', '한식', '추어탕', '성산제1동', '02 3027524'),
(3220000, 2010, '취영루', '서울특별시 강남구 학동로2길 11 (논현동)', '서울특별시 강남구 논현동  141번지 2호  ', '중국식', '만두', '논현1동', '02 5116666'),
(3130000, 2020, '치킨플레이스(chickenplace)', '서울특별시 마포구 동교로 236 2층 (연남동)', '서울특별시 마포구 연남동  260번지 51호  2층', '한식', '삼겹살', '연남동', ''),
(3220000, 2010, '칠량', '서울특별시 강남구 영동대로 731 (청담동지하3층)', '서울특별시 강남구 청담동  68번지 5호  지하3층', '한식', '떡갈비', '청담동', '5403388'),
(3220000, 2019, '칠백식당', '서울특별시 강남구 테헤란로82길 11 (대치동)', '서울특별시 강남구 대치동  942번지 13호  ', '경양식', '칠백한우동', '대치2동', '02555 5245'),
(3130000, 2016, '칠프로(7%)칠백식당', '서울특별시 마포구 토정로32길 4 (용강동)', '서울특별시 마포구 용강동  122번지 16호  ', '한식', '한우', '용강동', '02 7112482'),
(3220000, 2016, '카페마마스 역삼점', '서울특별시 강남구 논현로85길 7 (역삼동은혜빌딩지상1층)', '서울특별시 강남구 역삼동  738번지 6호  은혜빌딩지상1층', '일식', '쥬스 샐러드 샌드위치', '역삼1동', '025543 864'),
(3220000, 2016, '카페마마스 코엑스점', '서울특별시 강남구 영동대로 517 지하1층 p105호 (삼성동 아셈타워)', '서울특별시 강남구 삼성동  159번지  아셈타워 지하1층-p105', '경양식', '주스샐러드샌드위치', '삼성1동', '02 6002 3240'),
(3230000, 2008, '칸지고고', '서울특별시 송파구 위례성대로 114 1층 (방이동)', '서울특별시 송파구 방이동  182번지 2호  1층', '중국식', '', '방이1동', '234310607'),
(3220000, 2016, '케르반레스토랑 코엑스점', '서울특별시 강남구 영동대로 513 지하1층 H105호 (삼성동 기존컨벤션센터)', '서울특별시 강남구 삼성동  159번지 0호  기존컨벤션센터 지하1층-H105', '경양식', '고기 피자', '삼성1동', '02  556 4746'),
(3220000, 2010, '코너스톤', '서울특별시 강남구 테헤란로 606 (대치동지상1층)', '서울특별시 강남구 대치동  995번지 14호  지상1층', '경양식', '파스타', '대치2동', '02 5015487'),
(3230000, 2019, '코다리밥상', '서울특별시 송파구 송이로 138 지상1층 (가락동)', '서울특별시 송파구 가락동  122번지 1호  지상1층', '한식', '코다리조림', '가락본동', ''),
(3220000, 2010, '코리아하우스', '서울특별시 강남구 압구정로79길 56 (청담동지상1층2층)', '서울특별시 강남구 청담동  125번지 6호  지상1층2층', '한식', '소고기 구이', '청담동', '234432121'),
(3230000, 2007, '코벤트 가든', '서울특별시 송파구 위례성대로 128 (방이동)', '서울특별시 송파구 방이동  183번지 3호  ', '경양식', '피자파스타', '방이2동', '234315565'),
(3230000, 2017, '코엔지', '서울특별시 송파구 충민로 66 지하1층 (문정동 가든파이브라이프 현대시티몰 아울렛관)', '서울특별시 송파구 문정동  634번지  ', '일식', '돈까스', '문정1동', '226732015'),
(3230000, 2018, '쿠치나 디 까사(문정점)', '서울특별시 송파구 송파대로 201 A동 1층 A-110111호 (문정동 송파테라타워2)', '서울특별시 송파구 문정동  642번지  ', '경양식', '스파게티', '문정1동', '02 8815564'),
(3230000, 2010, '크래버 대게나라 잠실점', '서울특별시 송파구 오금로 165 지상1층 (방이동)', '서울특별시 송파구 방이동  110번지 13호  지상1층', '한식', '대게.킹크랩', '방이2동', '02 4122338'),
(3220000, 2016, '크래버대게나라', '서울특별시 강남구 언주로 620 지상1층 1호 (논현동)', '서울특별시 강남구 논현동  261번지  지상1층-1', '한식', '대게', '논현1동', ''),
(3230000, 2017, '큰기와집', '서울특별시 송파구 올림픽로 240 지하1층 (잠실동 롯데월드)', '서울특별시 송파구 잠실동  40번지 1호  ', '일식', '돈카츠', '잠실본동', '221431776'),
(3230000, 2011, '큰손흑돼지', '서울특별시 송파구 백제고분로45길 10 1층 (송파동)', '서울특별시 송파구 송파동  50번지  1층', '한식', '삼겹살', '송파1동', '02 4205524'),
(3130000, 2018, '큰집 순대국', '서울특별시 마포구 대흥로 64 1층 (대흥동)', '서울특별시 마포구 대흥동  337번지 80호  ', '한식', '만두전골', '대흥동', ''),
(3230000, 2012, '탐라 꿀순이', '서울특별시 송파구 중대로33길 18 지상1층 (오금동)', '서울특별시 송파구 오금동  38번지 16호  지상1층', '한식', '삼겹살구이', '오금동', '02  418 6523'),
(3230000, 2007, '탑골순대국', '서울특별시 송파구 올림픽로 505 지상12층 (풍납동)', '서울특별시 송파구 풍납동  401번지 4호  지상12층', '한식', '보쌈오리고기', '풍납2동', '02 4873392'),
(3230000, 2018, '태능 고기촌', '서울특별시 송파구 백제고분로39길 17 1층 (석촌동)', '서울특별시 송파구 석촌동  170번지 3호  ', '한식', '고기구이', '석촌동', '02 4201829'),
(3230000, 2011, '태능 숯불갈비', '서울특별시 송파구 백제고분로12길 8 (잠실동)', '서울특별시 송파구 잠실동  295번지 5호  ', '한식', '돼지갈비', '잠실본동', '02 4218571'),
(3130000, 2006, '태능식당', '서울특별시 마포구 굴레방로 19-1 (아현동)', '서울특별시 마포구 아현동  291번지 5호  ', '한식', '돼지갈비', '아현동', '02 3651595'),
(3020000, 2005, '태양', '서울특별시 용산구 백범로99길 54 (한강로1가(지상1층))', '서울특별시 용산구 한강로1가  253번지  (지상1층)', '한식', '냉면', '한강로동', '02 7958465'),
(3230000, 2019, '태양수제 숯불갈비', '서울특별시 송파구 마천로26길 15 1층 (오금동)', '서울특별시 송파구 오금동  140번지 13호  ', '한식', '돼지갈비', '오금동', ''),
(3000000, 2009, '태진복집', '서울특별시 종로구 자하문로10길 10-24 지상12층 (통의동)', '서울특별시 종로구 통의동  92번지  지상12층', '복어취급', '복지리', '사직동', '207333730'),
(3220000, 2010, '태평양참치', '서울특별시 강남구 삼성로104길 8 (삼성동지상1층)', '서울특별시 강남구 삼성동  151번지 23호  지상1층', '일식', '참치회', '삼성1동', ''),
(3020000, 2015, '턴(TURN)', '서울특별시 용산구 소월로 62 4층 (후암동)', '서울특별시 용산구 후암동  448번지 95호  ', '경양식', '돈까스', '후암동', ''),
(3220000, 2010, '토담골', '서울특별시 강남구 봉은사로 227 1층동 (논현동성일빌딩)', '서울특별시 강남구 논현동  236번지 6호 1층 성일빌딩', '한식', '한정식', '논현2동', '02 5485121'),
(3220000, 2014, '토말', '서울특별시 강남구 선릉로121길 13 지상1 2층 (논현동)', '서울특별시 강남구 논현동  254번지 23호  ', '한식', '보리굴비', '논현1동', ''),
(3000000, 2007, '토속촌 삼계탕', '서울특별시 종로구 자하문로5길 5 지상1층 (체부동 (체부동 86-123))', '서울특별시 종로구 체부동  85번지 1호  지상1층(체부동 86-123)', '한식', '삼계탕', '사직동', '207377444'),
(3220000, 2014, '통영집', '서울특별시 강남구 논현로 511 (역삼동지하1층)', '서울특별시 강남구 역삼동  641번지 20호  지하1층', '한식', '생선', '역삼1동', ''),
(3020000, 2015, '통통생고기', '서울특별시 용산구 원효로41길 34 (원효로3가(지상12층))', '서울특별시 용산구 원효로3가  46번지 5호  (지상12층)', '일식', '회초밥', '원효로제2동', ''),
(3230000, 2008, '툇마루밥상', '서울특별시 송파구 송파대로22길 11 12층 (문정동)', '서울특별시 송파구 문정동  46번지 11호  ', '한식', '국 밥', '문정1동', '02 4096979'),
(3230000, 2007, '투썸플레이스 거여역점', '서울특별시 송파구 오금로 495 (거여동12층)', '서울특별시 송파구 거여동  26번지 3호  12층', '중국식', '짜장면', '거여1동', '02  430 8889'),
(3020000, 2009, '티원(T園)서울역점', '서울특별시 용산구 한강대로 405 서울역 4층 301호 (동자동)', '서울특별시 용산구 동자동  43번지 205호  서울역(철도역)', '중국식', '중식코스', '남영동', '02392 0985'),
(3020000, 2001, '팔보', '서울특별시 용산구 원효로 70 (원효로4가 118-1 지상2층)', '서울특별시 용산구 원효로4가  118번지 1호  지상2층', '중국식', '전가복', '원효로제2동', '02 7157079'),
(3230000, 2017, '팬스테이크키친 가든파이브', '서울특별시 송파구 충민로 66 지하1층 (문정동 가든파이브라이프)', '서울특별시 송파구 문정동  634번지  ', '기타', '스테이크', '문정1동', '222943233'),
(3000000, 2012, '페르시아궁전', '서울특별시 종로구 성균관로6길 9 지하1지상1층 (명륜2가)', '서울특별시 종로구 명륜2가  121번지 1호  ', '기타', '카레', '혜화동', '02 7636050'),
(3220000, 2012, '평가옥', '서울특별시 강남구 삼성로95길 37 (삼성동지상1층)', '서울특별시 강남구 삼성동  143번지 1호  지상1층', '한식', '냉면', '삼성2동', ''),
(3220000, 2016, '평양면옥', '서울특별시 강남구 논현로28길 28 (도곡동)', '서울특별시 강남구 도곡동  423번지 15호  ', '한식', '냉면', '도곡2동', '205711666'),
(3000000, 2009, '평창동 북악정', '서울특별시 종로구 평창36길 6 지하지상12층 (평창동)', '서울특별시 종로구 평창동  114번지 12호  지하 지상12층', '한식', '갈비 등심', '평창동', '02394 2340'),
(3230000, 2020, '포베이', '서울특별시 송파구 올림픽로 240 지하1층 (잠실동 롯데월드 어드벤처 F&B거리)', '서울특별시 송파구 잠실동  40번지 1호  롯데월드 어드벤처 지하1층 F&B거리', '기타', '쌀국수', '잠실3동', '221431260'),
(3230000, 2008, '포지타노', '서울특별시 송파구 오금로15길 12 (방이동)', '서울특별시 송파구 방이동  71번지 11호  ', '한식', '', '방이2동', '02 4219688'),
(3230000, 2019, '포짜오', '서울특별시 송파구 오금로46길 8 1층 (가락동)', '서울특별시 송파구 가락동  174번지 29호  ', '외국음식전문점(인도태국등)', '쌀국수', '가락본동', ''),
(3020000, 2018, '포차컴퍼니', '서울특별시 용산구 백범로90라길 31 1층 (원효로1가)', '서울특별시 용산구 원효로1가  121번지 69호  ', '한식', '돼지갈비', '원효로제1동', '02 7069292'),
(3230000, 2016, '푸드캐피탈 웍스타일', '서울특별시 송파구 올림픽로 240 지상1층 (잠실동 롯데월드 어드벤쳐동)', '서울특별시 송파구 잠실동  40번지 1호  롯데월드 어드벤쳐동 지상1층', '기타', '볶음밥 볶음면', '잠실3동', '221431271'),
(3220000, 2010, '푸른바다', '서울특별시 강남구 논현로81길 3 (역삼동지하1층)', '서울특별시 강남구 역삼동  738번지 34호  지하1층', '한식', '회', '역삼1동', '5551991'),
(3230000, 2018, '푸주옥', '서울특별시 송파구 송파대로28길 6 (가락동1층2호3호)', '서울특별시 송파구 가락동  99번지 2호  1층2호3호', '한식', '설렁탕 갈비탕 생고기', '가락본동', '02 4000803'),
(3230000, 2016, '풍년 참숯 갈비', '서울특별시 송파구 송이로21길 33-27 지상1층 (가락동)', '서울특별시 송파구 가락동  52번지 6호  지상1층', '한식', '갈비', '가락본동', '02 4439233'),
(3230000, 2007, '풍년갈비', '서울특별시 송파구 바람드리28길 5 (풍납동)', '서울특별시 송파구 풍납동  480번지 3호  ', '한식', '돼지갈비', '풍납1동', '02 4751512'),
(3020000, 2007, '풍년숯불갈비', '서울특별시 용산구 새창로 130 (원효로2가(지상12층))', '서울특별시 용산구 원효로2가  88번지 1호  (지상12층)', '한식', '돼지갈비', '원효로제1동', '02 7196530'),
(3220000, 2015, '풍년참숯불갈비', '서울특별시 강남구 역삼로1길 8 (역삼동)', '서울특별시 강남구 역삼동  831번지 46호  ', '일식', '한우등심', '역삼1동', '02 5666630'),
(3230000, 2007, '풍천민물장어', '서울특별시 송파구 양재대로71길 20-29 (방이동)', '서울특별시 송파구 방이동  190번지 7호  ', '한식', '회대구탕', '방이1동', '02 4140611'),
(3000000, 2010, '풍천손가네민물장어', '서울특별시 종로구 종로51가길 2-1 1층 (창신동)', '서울특별시 종로구 창신동  148번지 1호  1층', '한식', '장어구이', '창신제2동', '236730510'),
(3230000, 2019, '풍천장어', '서울특별시 송파구 중대로9길 36 지상1층 (가락동)', '서울특별시 송파구 가락동  83번지 8호  지상1층', '한식', '장어구이', '가락본동', '02 4096255'),
(3230000, 2016, '풍향', '서울특별시 송파구 올림픽로 240 (잠실동 롯데월드어드벤처동 지상2층 로티로리가든내)', '서울특별시 송파구 잠실동  40번지 1호  롯데월드어드벤처동 지상2층 로티로리가든내', '한식', '비빔밥 냉면', '잠실본동', '221431273'),
(3230000, 2018, '퓨전분식 B1', '서울특별시 송파구 송파대로 382 송파두성빌딩 지하1층 (송파동)', '서울특별시 송파구 송파동  97번지 2호  송파두성빌딩', '경양식', '스테이크파스타', '송파2동', '02 4201002'),
(3230000, 2018, '프랜들리365', '서울특별시 송파구 올림픽로 305 잠실역8호선  A구역 지하1층 (신천동)', '서울특별시 송파구 신천동  7번지 4호  잠실역8호선', '일식', '돈카츠메밀', '잠실4동', '234321220'),
(3220000, 2010, '프로간장게장', '서울특별시 강남구 테헤란로83길 53 (삼성동)', '서울특별시 강남구 삼성동  152번지 56호  ', '한식', '간장게장', '삼성1동', '02 5690860'),
(3220000, 2010, '피양콩할마니', '서울특별시 강남구 삼성로81길 30 (대치동지상1층)', '서울특별시 강남구 대치동  894번지 14호  지상1층', '일식', '콩비지', '대치4동', '5658811'),
(3230000, 2007, '필녀의 한정식', '서울특별시 송파구 동남로 308 지상23층 (오금동)', '서울특별시 송파구 오금동  129번지 24호  지상23층', '한식', '한정식', '오금동', '02 4005560'),
(3220000, 2013, '하꼬네', '서울특별시 강남구 테헤란로 521 지상1층 (삼성동 인터콘티넨탈)', '서울특별시 강남구 삼성동  159번지 8호  ', '일식', '하꼬네', '삼성1동', '02 5597034'),
(3230000, 2007, '하나로', '서울특별시 송파구 마천로 331 지상1층 (마천동)', '서울특별시 송파구 마천동  307번지 36호  지상1층', '중국식', '짜장면', '마천1동', ''),
(3000000, 2007, '하나로회관', '서울특별시 종로구 인사동5길 25 (인사동)', '서울특별시 종로구 인사동  194번지 4호  ', '한식', '불고기 김치찌개', '종로1.2.3.4가동', '207327451'),
(3130000, 2011, '하나유키', '서울특별시 마포구 마포대로 25 (마포동)', '서울특별시 마포구 마포동  33번지 1호  ', '일식', '정통일식', '용강동', '716 0011'),
(3230000, 2014, '하남 춘천골 닭갈비', '서울특별시 송파구 오금로13길 12 지상1층 (방이동)', '서울특별시 송파구 방이동  69번지  지상1층', '한식', '닭갈비', '방이2동', '02416 1577'),
(3130000, 2014, '하노이의 아침', '서울특별시 마포구 월드컵북로 396 (상암동누리꿈스퀘어 2층 R204호)', '서울특별시 마포구 상암동  1605번지  누리꿈스퀘어 2층 R204호', '한식', '쌀국수', '상암동', '02 3638839'),
(3020000, 2001, '하노이의아침', '서울특별시 용산구 후암로 107 (동자동(지상1층))', '서울특별시 용산구 동자동  12번지  (지상1층)', '기타', '베트남쌀국수', '남영동', '02  7275320'),
(3000000, 2008, '하누소', '서울특별시 종로구 삼일대로 428 (낙원동)', '서울특별시 종로구 낙원동  272번지  ', '한식', '갈비탕', '종로1.2.3.4가동', '02 7399990'),
(3220000, 2016, '하동관', '서울특별시 강남구 영동대로 513 지하1층 J-101호 (삼성동 코엑스 기존컨벤션센터)', '서울특별시 강남구 삼성동  159번지  코엑스 기존컨벤션센터 지하1-J-101', '한식', '한우곰탕', '삼성1동', ''),
(3220000, 2010, '하동관 강남분점', '서울특별시 강남구 테헤란로78길 16 (대치동지상2층)', '서울특별시 강남구 대치동  891번지 44호  지상2층', '한식', '곰탕', '대치4동', '02 5653355'),
(3230000, 2016, '하래', '서울특별시 송파구 백제고분로7길 28-12 (잠실동 지하1지상12층)', '서울특별시 송파구 잠실동  190번지 9호  지하1지상12층', '기타', '사시미철판오리', '잠실본동', '7041454451'),
(3220000, 2019, '하루', '서울특별시 강남구 언주로172길 56 (신사동1층)', '서울특별시 강남구 신사동  663번지 9호  1층', '분식', '돈가스메밀', '압구정동', '02 5145557'),
(3220000, 2010, '하영호신촌설렁탕 압구정역점', '서울특별시 강남구 논현로 872 (신사동지상1층)', '서울특별시 강남구 신사동  610번지 2호  지상1층', '한식', '설렁탕', '압구정동', '5152234'),
(3220000, 2016, '하이보', '서울특별시 강남구 영동대로85길 13 지상2층 (대치동)', '서울특별시 강남구 대치동  950번지 1호  지상2층', '중국식', '동파육', '대치1동', ''),
(3020000, 2021, '한강동', '서울특별시 용산구 한강대로 56-1 1층 (한강로3가)', '서울특별시 용산구 한강로3가  49번지 2호  ', '일식', '카이센동숙성회', '한강로동', ''),
(3020000, 2017, '한강오리', '서울특별시 용산구 한강대로104길 53 (동자동(지상1층))', '서울특별시 용산구 동자동  19번지 33호  (지상1층)', '한식', '생오리주물럭', '남영동', '02 3184006'),
(3020000, 2005, '한강집생태', '서울특별시 용산구 백범로 400 (한강로1가 257-9 지상1층)', '서울특별시 용산구 한강로1가  257번지 9호  ', '한식', '생태매운탕', '한강로동', '02  7167452'),
(3020000, 2005, '한강회관', '서울특별시 용산구 이촌로75길 10-3 (이촌동(지상2층))', '서울특별시 용산구 이촌동  301번지 145호  (지상2층)', '한식', '한우불고기', '이촌제1동', '02 7939855'),
(3230000, 2019, '한국순대 잠실점', '서울특별시 송파구 백제고분로23길 34 1층 (삼전동)', '서울특별시 송파구 삼전동  26번지  신일갈비', '한식', '순대', '삼전동', '02  4241010'),
(3230000, 2007, '한국전력재경독신자', '서울특별시 송파구 오금로27길 29 (방이동)', '서울특별시 송파구 방이동  128번지  ', '산업체', '급식', '방이1동', '02 4104500'),
(3220000, 2010, '한국피자헛 강남대치점', '서울특별시 강남구 영동대로 223 (대치동지상1층)', '서울특별시 강남구 대치동  994번지 6호  지상1층', '패스트푸드', '피자', '대치1동', '234680197'),
(3020000, 2016, '한남북엇국', '서울특별시 용산구 독서당로 65-7 지상1~3층지하1층 (한남동)', '서울특별시 용산구 한남동  73번지 2호  지상123층지하1층', '한식', '북엇국', '한남동', '02  22971988'),
(3020000, 2017, '한남오', '서울특별시 용산구 독서당로 71 (한남동 261-5 청산빌딩 지상1층 102호)', '서울특별시 용산구 한남동  261번지 5호  청산빌딩 지상1층 102호', '한식', '안동국밥', '한남동', '02 7957890'),
(3000000, 2007, '한라의 집', '서울특별시 종로구 새문안로9길 29-1 (당주동)', '서울특별시 종로구 당주동  20번지 2호  ', '일식', '갈치회', '사직동', '207377484'),
(3230000, 2019, '한락원', '서울특별시 송파구 법원로 128 문정에스케이브이원지엘메트로시티 B동 2층 216217호 (문정동)', '서울특별시 송파구 문정동  642번지 3호  문정에스케이브이원지엘메트로시티', '한식', '한우', '문정2동', ''),
(3230000, 2007, '한사라참치', '서울특별시 송파구 송파대로28길 27 101동 101102호 (가락동 성원상떼빌)', '서울특별시 송파구 가락동  80번지 101 성원상떼빌-101102', '일식', '참치회', '가락본동', '02 4493737'),
(3220000, 2014, '한서외식산업(주)', '서울특별시 강남구 도산대로 308 (논현동지하1층지상345층)', '서울특별시 강남구 논현동  91번지 4호  지하1층지상345층', '한식', '한정식', '논현2동', '205453334'),
(3220000, 2010, '한성국수', '서울특별시 강남구 언주로 735 (논현동)', '서울특별시 강남구 논현동  62번지 13호  ', '분식', '칼국수', '논현2동', '205440540'),
(3230000, 2007, '한신포차', '서울특별시 송파구 백제고분로7길 26 (잠실동)', '서울특별시 송파구 잠실동  190번지 0호  ', '호프/통닭', '설렁탕', '잠실본동', '02 4250334'),
(3230000, 2007, '한신포차 송파 방이점', '서울특별시 송파구 올림픽로32길 20 (방이동지상2층)', '서울특별시 송파구 방이동  63번지 11호  지상2층', '한식', '닭발 통닭', '방이1동', '02 4128882'),
(3230000, 2010, '한아름', '서울특별시 송파구 성내천로 142 (거여동)', '서울특별시 송파구 거여동  1번지 9호  ', '한식', '감자탕', '거여1동', '02 4489316'),
(3230000, 2017, '한영(가락활어회)', '서울특별시 송파구 양재대로 932 테마동 Table A  2층 (가락동)', '서울특별시 송파구 가락동  600번지  테마동 Table A 2층', '일식', '생선회', '가락본동', '269782222'),
(3000000, 2012, '한옥', '서울특별시 종로구 통일로14길 24 (무악동1층)', '서울특별시 종로구 무악동  70번지 1호  1층', '한식', '갈비탕', '무악동', ''),
(3220000, 2010, '한우리외식산업(주)', '서울특별시 강남구 도산대로 304 (논현동)', '서울특별시 강남구 논현동  91번지 18호  ', '한식', '', '논현2동', '02 5453336'),
(3220000, 2016, '한우촌돼지마을', '서울특별시 강남구 논현로85길 43 (역삼동지하1층)', '서울특별시 강남구 역삼동  741번지 12호  지하1층', '한식', '삼겹살', '역삼1동', '02  565 5505'),
(3220000, 2010, '한일관', '서울특별시 강남구 압구정로38길 14 (신사동지하1지상1~5층)', '서울특별시 강남구 신사동  619번지 4호  지하1지상1~5층', '한식', '한정식불고기갈비탕비빔밥냉면', '압구정동', '02  733 5333'),
(3000000, 2009, '한일장', '서울특별시 종로구 수표로 94 (관수동 지하1층~지상1층)', '서울특별시 종로구 관수동  19번지  (지하1층~지상1층)', '한식', '갈비탕', '종로1.2.3.4가동', '222657707'),
(3220000, 2016, '한정식애덕', '서울특별시 강남구 학동로1길 14 (논현동지상2층)', '서울특별시 강남구 논현동  48번지 5호  지상2층', '한식', '한정식', '논현1동', ''),
(3220000, 2012, '한촌설렁탕', '서울특별시 강남구 논현로94길 30 (역삼동지상1층)', '서울특별시 강남구 역삼동  678번지 4호  지상1층', '경양식', '설렁탕', '역삼1동', '5619220'),
(3130000, 2017, '한촌설렁탕망원역점', '서울특별시 마포구 월드컵로 85 2층 (망원동)', '서울특별시 마포구 망원동  377번지 2호  2층', '한식', '설렁탕', '망원제1동', ''),
(3020000, 2007, '할매보쌈애부대찌개', '서울특별시 용산구 원효로41길 58 (원효로2가(지상1층))', '서울특별시 용산구 원효로2가  91번지 11호  (지상1층)', '한식', '보쌈', '원효로제1동', '02 7049236'),
(3000000, 2008, '할머니두부집', '서울특별시 종로구 진흥로 439 (구기동)', '서울특별시 종로구 구기동  85번지 9호  ', '한식', '두부전골', '평창동', '02 3796276'),
(3230000, 2015, '할머니추어탕', '서울특별시 송파구 백제고분로 139 극동빌딩 B동 102~104108호 (잠실동)', '서울특별시 송파구 잠실동  228번지 8호  극동빌딩', '한식', '추어탕', '잠실본동', '02 4211022'),
(3220000, 2013, '함평한우장터', '서울특별시 강남구 밤고개로14길 14 지상2층 (자곡동)', '서울특별시 강남구 자곡동  271번지 26호  지상2', '한식', '한우구이', '세곡동', ''),
(3000000, 2007, '함흥곰보냉면', '서울특별시 종로구 창경궁로 109 401405호 (인의동)', '서울특별시 종로구 인의동  112번지 14호  401405호', '한식', '냉면', '종로1.2.3.4가동', '222732833'),
(3220000, 2014, '함흥면옥', '서울특별시 강남구 도곡로 424 지상1층 (대치동 지산빌딩)', '서울특별시 강남구 대치동  1023번지 2호  지산빌딩 지상1층', '한식', '냉면', '대치1동', ''),
(3230000, 2017, '함흥본가 면옥', '서울특별시 송파구 법원로 114 D동 301호 (문정동 엠스테이트)', '서울특별시 송파구 문정동  643번지 1호  ', '분식', '냉면', '문정1동', '02 4078807'),
(3220000, 2016, '해랑', '서울특별시 강남구 강남대로118길 12 (논현동지하1층)', '서울특별시 강남구 논현동  183번지 0호  지하1층', '한식', '해물탕', '논현1동', '02 5447270'),
(3220000, 2015, '해오름맛집', '서울특별시 강남구 학동로97길 26 지하1층 (청담동)', '서울특별시 강남구 청담동  71번지 1호  ', '한식', '우렁쌈밥', '청담동', ''),
(3220000, 2011, '해초록 사랑', '서울특별시 강남구 삼성로 539 (삼성동지하1층)', '서울특별시 강남구 삼성동  127번지 8호  지하1층', '일식', '활어회', '삼성2동', '5535570'),
(3220000, 2010, '해초섬 수릿골', '서울특별시 강남구 테헤란로 437 (삼성동)', '서울특별시 강남구 삼성동  144번지 22호  ', '한식', '해초남도음식', '삼성2동', '02 5628800'),
(3220000, 2016, '해품초 삼성점', '서울특별시 강남구 테헤란로87길 29 (삼성동엠타워 지하1층)', '서울특별시 강남구 삼성동  154번지 11호  엠타워 지하1층', '한식', '한식', '삼성1동', '02  565 4997'),
(3130000, 2019, '해피하우스 소정', '서울특별시 마포구 성산로 128 지하1층 4호 (성산동)', '서울특별시 마포구 성산동  275번지 3호  지하1층-4', '한식', '덮밥', '성산제1동', '02 3364897'),
(3020000, 2001, '행복덤', '서울특별시 용산구 한강대로 272-2 (남영동(지상1층))', '서울특별시 용산구 남영동  82번지 1호  (지상1층)', '한식', '만두전골', '남영동', '02 7977227'),
(3000000, 2007, '향가', '서울특별시 종로구 계동길 19-6 (재동)', '서울특별시 종로구 재동  84번지 1호  ', '한식', '시골밥상', '가회동', '02 7473368'),
(3000000, 2010, '향나무세구루', '서울특별시 종로구 삼청로 100 (삼청동)', '서울특별시 종로구 삼청동  62번지 18호  ', '한식', '삼겹살', '삼청동', '02 7209524'),
(3220000, 2019, '향촌면옥', '서울특별시 강남구 압구정로29길 72-1 지상1층 B2호 (압구정동)', '서울특별시 강남구 압구정동  454번지  ', '한식', '냉면', '압구정동', '205467542'),
(3000000, 2007, '허서방네', '서울특별시 종로구 종로 332 (창신동)', '서울특별시 종로구 창신동  328번지 3호  ', '한식', '된장찌개', '창신제2동', '207647706'),
(3220000, 2016, '현대명가', '서울특별시 강남구 봉은사로114길 38 지하1층 (삼성동)', '서울특별시 강남구 삼성동  166번지 3호  ', '한식', '한식뷔페', '삼성1동', ''),
(3230000, 2018, '현대정육식당', '서울특별시 송파구 마천로 57 2층 (오금동)', '서울특별시 송파구 오금동  18번지 9호  ', '한식', '고기구이', '오금동', '02 4045559'),
(3230000, 2017, '현차이나', '서울특별시 송파구 백제고분로48길 8 지상2층 (방이동)', '서울특별시 송파구 방이동  111번지 14호  지상2층', '중국식', '탕수육짜장짬뽕', '방이2동', '02 4165500'),
(3220000, 2010, '혜교', '서울특별시 강남구 삼성로 626 (삼성동지상12층)', '서울특별시 강남구 삼성동  69번지 0호  지상12층', '한식', '메밀', '삼성1동', '02 5189077'),
(3230000, 2009, '호림', '서울특별시 송파구 송이로19길 4-8 (가락동)', '서울특별시 송파구 가락동  57번지 3호  ', '일식', '생선회 초밥', '가락본동', '02 4063660'),
(3230000, 2018, '호천당', '서울특별시 송파구 석촌호수로 130 1층 (삼전동 신원빌딩)', '서울특별시 송파구 삼전동  1번지 1호  ', '일식', '돈까스우동메밀', '삼전동', '02 4126412'),
(3220000, 2010, '홀리차우 도곡점', '서울특별시 강남구 언주로 123 (도곡동지상1층)', '서울특별시 강남구 도곡동  464번지 0호  지상1층', '중국식', '몽골리안 쉐프', '도곡2동', '02 5564502'),
(3230000, 2007, '홈수끼', '서울특별시 송파구 위례성대로 134 1층 (방이동)', '서울특별시 송파구 방이동  183번지 6호  1층', '한식', '고기야채샤브샤브', '방이1동', '02 4174124'),
(3020000, 2018, '홍가진국', '서울특별시 용산구 원효로 241-1 1층 (원효로1가)', '서울특별시 용산구 원효로1가  53번지 14호  1층', '한식', '설렁탕', '원효로제1동', '02 7143339'),
(3130000, 2019, '홍반장순대전문점', '서울특별시 마포구 동교로 213 1층 (동교동)', '서울특별시 마포구 동교동  198번지 27호  1층', '일식', '회', '서교동', ''),
(3130000, 2014, '홍반장찹쌀순대&감자탕전문점', '서울특별시 마포구 동교로 233 (연남동 지상 1층)', '서울특별시 마포구 연남동  259번지 4호  지상 1층', '한식', '불고기', '연남동', '02 335 1158'),
(3220000, 2013, '홍백', '서울특별시 강남구 삼성로 571 지상12층 (삼성동)', '서울특별시 강남구 삼성동  119번지 9호  지상12층', '한식', '한우구이', '삼성2동', ''),
(3220000, 2014, '홍성원', '서울특별시 강남구 압구정로79길 61 (청담동지상1층)', '서울특별시 강남구 청담동  127번지 5호  지상1층', '중국식', '탕수육', '청담동', ''),
(3220000, 2014, '홍영재 장수 청국장', '서울특별시 강남구 영동대로 424 지상1층 (대치동)', '서울특별시 강남구 대치동  1001번지  지상1층', '한식', '청국장', '대치2동', ''),
(3220000, 2010, '홍운장', '서울특별시 강남구 삼성로 341 (대치동지상1층)', '서울특별시 강남구 대치동  913번지 14호  지상1층', '중국식', '자장면', '대치4동', '02 5583888'),
(3220000, 2016, '홍콩반점0410', '서울특별시 강남구 강남대로100길 14 (역삼동)', '서울특별시 강남구 역삼동  619번지 22호  ', '한식', '짬뽕', '역삼1동', '234522712'),
(3220000, 2010, '화기애애(강남1호점)', '서울특별시 강남구 강남대로106길 12 (역삼동지하1 지상123층)', '서울특별시 강남구 역삼동  813번지 1호  지하1 지상123층', '분식', '갈비살', '역삼1동', ''),
(3230000, 2018, '화덕구이 놀부족발 방이점', '서울특별시 송파구 오금로11길 16 지상1 2층 (방이동)', '서울특별시 송파구 방이동  64번지 5호  지상1 2층', '한식', '오징어요리', '방이2동', '02 4245585'),
(3000000, 2015, '화동옥', '서울특별시 종로구 창덕궁1길 40 (계동)', '서울특별시 종로구 계동  140번지 43호  ', '한식', '설렁탕', '가회동', '02 7625426'),
(3230000, 2007, '화로숯불구이', '서울특별시 송파구 올림픽로 553 (풍납동지상123층)', '서울특별시 송파구 풍납동  504번지 0호  지상123층', '한식', '숯불구이', '풍납2동', '02 4883737'),
(3220000, 2016, '화린', '서울특별시 강남구 논현로85길 11 (역삼동2층)', '서울특별시 강남구 역삼동  739번지 1호  2층', '경양식', '자장면', '역삼1동', ''),
(3230000, 2011, '화사랑화로구이(송파점)', '서울특별시 송파구 오금로 162 지상12층 (송파동)', '서울특별시 송파구 송파동  135번지 6호  지상12층', '한식', '고기구이', '송파1동', '02 4214554'),
(3130000, 2009, '화수목', '서울특별시 마포구 창전로 70 12층 (신수동)', '서울특별시 마포구 신수동  103번지 4호  ', '중국식', '중식', '신수동', ''),
(3220000, 2010, '화수사', '서울특별시 강남구 삼성로95길 10 (삼성동우성빌딩1층)', '서울특별시 강남구 삼성동  129번지 18호  우성빌딩1층', '일식', '초밥', '삼성2동', '02 5636363'),
(3230000, 2020, '화요미식당', '서울특별시 송파구 오금로13길 10 서흥빌딩 1층 (방이동)', '서울특별시 송파구 방이동  68번지  서흥빌딩', '회집', '곱창 양대창구이', '방이1동', '02 4150124'),
(3220000, 2010, '화원일식', '서울특별시 강남구 도곡로 510 1층 118호 (대치동)', '서울특별시 강남구 대치동  989번지 2호  ', '일식', '회정식', '대치1동', '02 5638677'),
(3220000, 2010, '화평', '서울특별시 강남구 삼성로 654 지상1층 108 109 110호 (삼성동)', '서울특별시 강남구 삼성동  52번지  ', '한식', '칼국수', '삼성2동', '02  518 3232'),
(3220000, 2010, '황금돼지', '서울특별시 강남구 개포로24길 5 1층 (개포동)', '서울특별시 강남구 개포동  1216번지 10호  ', '한식', '구이', '개포1동', '02 5776667'),
(3230000, 2018, '황기순의 칼국수&왕돈까스(잠실역점)', '서울특별시 송파구 올림픽로 305 잠실역8호선 D상가 (신천동)', '서울특별시 송파구 신천동  7번지 4호  잠실역8호선', '한식', '밀면만두', '잠실6동', '02 4218851'),
(3220000, 2016, '황소곱창', '서울특별시 강남구 봉은사로82길 16 (삼성동지상1층)', '서울특별시 강남구 삼성동  145번지 29호  지상1층', '한식', '한우곱창', '삼성1동', ''),
(3230000, 2007, '황제짜장&양꼬치', '서울특별시 송파구 오금로36길 22 지상1층 (가락동)', '서울특별시 송파구 가락동  19번지 3호  지상1층', '한식', '양꼬치 짜장', '가락본동', '02 4028808'),
(3020000, 2018, '황태자', '서울특별시 용산구 후암로 107 (동자동게이트웨이타워(지상1층))', '서울특별시 용산구 동자동  12번지  게이트웨이타워(지상1층)', '한식', '황태구이', '남영동', '237897935'),
(3130000, 2009, '황톳길', '서울특별시 마포구 마포대로11길 15-7 (공덕동)', '서울특별시 마포구 공덕동  270번지 1호  ', '한식', '비빔밥', '공덕동', '232729240'),
(3020000, 2020, '회나무식당', '서울특별시 용산구 녹사평대로 238-1 1층 (이태원동)', '서울특별시 용산구 이태원동  650번지  ', '한식', '초당순두부', '이태원제2동', ''),
(3220000, 2010, '횡성한우고향', '서울특별시 강남구 영동대로106길 45 (삼성동)', '서울특별시 강남구 삼성동  162번지 29호  ', '한식', '불고기', '삼성1동', '02   00000'),
(3020000, 2010, '횡성한우목장', '서울특별시 용산구 효창원로48길 6 (용문동)', '서울특별시 용산구 용문동  8번지 29호  ', '한식', '소갈비', '용문동', '02 7168592'),
(3220000, 2010, '후지', '서울특별시 강남구 삼성로86길 23 (대치동지하1층지상1층)', '서울특별시 강남구 대치동  943번지 17호  지하1층지상1층', '일식', '회정식', '대치4동', '02 5679880'),
(3220000, 2010, '훼밀리아', '서울특별시 강남구 언주로 640 1층 (논현동)', '서울특별시 강남구 논현동  248번지 7호  ', '뷔페식', '한중일식', '논현1동', '02 5114000'),
(3220000, 2010, '휘모리', '서울특별시 강남구 도곡로93길 7 (대치동지상1층)', '서울특별시 강남구 대치동  986번지 5호  지상1층', '한식', '불고기', '대치2동', '5645959'),
(3220000, 2014, '흑다우', '서울특별시 강남구 남부순환로 2921 지상2층 (대치동 남서울상가)', '서울특별시 강남구 대치동  623번지  남서울상가 2층', '한식', '돼지고기', '대치1동', ''),
(3220000, 2016, '흙향', '서울특별시 강남구 논현로10길 29 지상2층 (개포동)', '서울특별시 강남구 개포동  1197번지 2호  지상2층', '한식', '한정식', '개포4동', '02  34950092'),
(3230000, 2008, '흥부골 숯불돼지 왕갈비', '서울특별시 송파구 백제고분로33길 35 (석촌동)', '서울특별시 송파구 석촌동  3번지 2호  ', '한식', '', '석촌동', '02 4180003'),
(3230000, 2017, '희천', '서울특별시 송파구 송파대로 570 지하1층 8호 (신천동)', '서울특별시 송파구 신천동  7번지 30호  ', '한식', '냉면불고기', '잠실4동', '02 4203917');

-- --------------------------------------------------------

--
-- 테이블 구조 `review`
--

CREATE TABLE `review` (
  `id` varchar(12) NOT NULL,
  `restName` varchar(20) NOT NULL,
  `guName` varchar(10) NOT NULL,
  `restType` varchar(5) NOT NULL,
  `starPoint` float NOT NULL,
  `reviewDetail` text NOT NULL,
  `date` datetime NOT NULL,
  `dongName` varchar(8) NOT NULL
) ENGINE=InnoDB DEFAULT CHARSET=utf8;

--
-- 테이블의 덤프 데이터 `review`
--

INSERT INTO `review` (`id`, `restName`, `guName`, `restType`, `starPoint`, `reviewDetail`, `date`, `dongName`) VALUES
('hy', '수라한', '용산구', '한식', 5, '맛나용~!', '2021-11-17 00:00:00', '남영동'),
('team08', '개성칡냉면', '강남구', '한식', 4, 'ㅁㄴㅇㄹㄴㅁㅇㄹ', '2021-11-20 00:00:00', '압구정동'),
('team08', '육회도', '마포구', '한식', 3, '그냥 그래요', '2021-11-17 00:00:00', '서교동'),
('yyy', '수라한', '용산구', '한식', 4, '꿀맛', '2021-11-17 00:00:00', '남영동');

-- --------------------------------------------------------

--
-- 테이블 구조 `reviewrank`
--

CREATE TABLE `reviewrank` (
  `searchKeyword` varchar(20) NOT NULL,
  `cnt` int(10) NOT NULL
) ENGINE=InnoDB DEFAULT CHARSET=utf8;

--
-- 테이블의 덤프 데이터 `reviewrank`
--

INSERT INTO `reviewrank` (`searchKeyword`, `cnt`) VALUES
('더차이홍', 2),
('봉산집', 2),
('수라한', 2),
('스시히로바', 2),
('육회도', 1),
('이도곰탕', 2),
('이봉', 2),
('제주도새기', 1),
('조가비', 2),
('진배족발', 4);

-- --------------------------------------------------------

--
-- 테이블 구조 `searchkey`
--

CREATE TABLE `searchkey` (
  `searchKeyword` varchar(20) NOT NULL,
  `cnt` int(11) NOT NULL DEFAULT 1
) ENGINE=InnoDB DEFAULT CHARSET=utf8;

--
-- 테이블의 덤프 데이터 `searchkey`
--

INSERT INTO `searchkey` (`searchKeyword`, `cnt`) VALUES
('교동짬뽕', 7),
('수라한', 3),
('육회도', 3),
('중국식', 2),
('진배족발', 3),
('한식', 2);

-- --------------------------------------------------------

--
-- 테이블 구조 `starrank`
--

CREATE TABLE `starrank` (
  `restName` varchar(20) NOT NULL,
  `avg` float NOT NULL
) ENGINE=InnoDB DEFAULT CHARSET=utf8;

--
-- 테이블의 덤프 데이터 `starrank`
--

INSERT INTO `starrank` (`restName`, `avg`) VALUES
('개성칡냉면', 4),
('더차이홍', 4),
('등대', 4),
('봉산집', 4),
('수라한', 4.5),
('스시히로바', 4),
('이도곰탕', 4),
('이봉', 4),
('제주도새기', 4),
('조가비', 4);

--
-- 덤프된 테이블의 인덱스
--

--
-- 테이블의 인덱스 `donginfo`
--
ALTER TABLE `donginfo`
  ADD PRIMARY KEY (`dongName`);

--
-- 테이블의 인덱스 `guinfo`
--
ALTER TABLE `guinfo`
  ADD PRIMARY KEY (`guCode`);

--
-- 테이블의 인덱스 `kind_price`
--
ALTER TABLE `kind_price`
  ADD PRIMARY KEY (`restName`);

--
-- 테이블의 인덱스 `member`
--
ALTER TABLE `member`
  ADD PRIMARY KEY (`id`);

--
-- 테이블의 인덱스 `restaurant`
--
ALTER TABLE `restaurant`
  ADD PRIMARY KEY (`restName`);

--
-- 테이블의 인덱스 `review`
--
ALTER TABLE `review`
  ADD PRIMARY KEY (`id`,`restName`,`date`);

--
-- 테이블의 인덱스 `reviewrank`
--
ALTER TABLE `reviewrank`
  ADD PRIMARY KEY (`searchKeyword`);

--
-- 테이블의 인덱스 `searchkey`
--
ALTER TABLE `searchkey`
  ADD PRIMARY KEY (`searchKeyword`);

--
-- 테이블의 인덱스 `starrank`
--
ALTER TABLE `starrank`
  ADD PRIMARY KEY (`restName`);
COMMIT;

/*!40101 SET CHARACTER_SET_CLIENT=@OLD_CHARACTER_SET_CLIENT */;
/*!40101 SET CHARACTER_SET_RESULTS=@OLD_CHARACTER_SET_RESULTS */;
/*!40101 SET COLLATION_CONNECTION=@OLD_COLLATION_CONNECTION */;
